resource_state,name,distance,moving_time,elapsed_time,total_elevation_gain,type,sport_type,id,start_date,start_date_local,timezone,utc_offset,location_city,location_state,location_country,achievement_count,kudos_count,comment_count,athlete_count,photo_count,trainer,commute,manual,private,visibility,flagged,gear_id,start_latlng,end_latlng,average_speed,max_speed,has_heartrate,average_heartrate,max_heartrate,heartrate_opt_out,display_hide_heartrate_option,elev_high,elev_low,upload_id,upload_id_str,external_id,from_accepted_tag,pr_count,total_photo_count,has_kudoed,athlete.id,athlete.resource_state,map.id,map.summary_polyline,map.resource_state,average_cadence,workout_type
2,Evening Workout,0.0,6799,6799,0.0,Workout,Workout,10247999802,2023-11-19T17:29:39Z,2023-11-19T18:29:39Z,(GMT+01:00) Africa/Algiers,3600.0,,,,0,0,0,1,0,True,False,False,False,everyone,False,,[],[],0.0,0.0,True,98.5,125.0,False,True,0.0,0.0,10973797144,10973797144,655a68abfa86b35c2aefa371.fit,False,0,0,False,95198974,1,a10247999802,,2,,
2,Afternoon Walk,9051.0,6389,7895,276.2,Walk,Walk,10248000169,2023-11-19T14:32:05Z,2023-11-19T15:32:05Z,(GMT+01:00) Europe/Bratislava,3600.0,,,,0,0,0,2,0,False,False,False,False,everyone,False,,"[48.22242242284119, 17.14850560761988]","[48.21056320331991, 17.15645601041615]",1.417,4.4,True,103.6,126.0,False,True,508.7,148.4,10973797491,10973797491,655a68a2095d8b4a2c99fb01.fit,False,0,4,False,95198974,1,a10248000169,ktieH}etgBKPSr@KLUl@INId@KT[vAg@|AIFMV]ZGRQ\k@b@Od@AVWTQ^QV]No@r@OVi@RSP]|@SJQ\]d@c@jAGTe@dAEVOXUVSj@KLaAr@Wj@_A~@IXMRK\C@@\G@i@z@Yr@GZQXKZQXAH@JF?AEOr@i@hACVM\SPs@B[TWBMNOB]SIA?KCC_@UYGAIMESSi@QMQQG{@{@o@a@_@GMIS@OEq@?KDg@I[N?EOOaAYSFcA?cAGYQSSQ][{@CSKWEUMU?[Kg@Ma@?UG[K_BSWSoASW[Ke@e@y@YaAk@[a@Ug@OIYc@s@WBIQIKSSSOFw@UUAQDa@Us@UkAEo@Ds@CYB}@`@i@b@KBo@r@SLMPsBzAYJoALcAQu@Cg@Qy@?u@Mu@CeAWg@?mBU_DMyBSg@B[IM@_@K{@GsAAeEUcAMmAc@C??JGNCIFEGCJBAEABDQGBFA?DC@@ENOcBn@n@OBHPEk@Rh@WX[FAGEDAz@n@p@XhBDrANn@EdBPzBLXAp@LfBJdALfA@hAJfADz@An@R~@D\GPNr@?PP^AFDn@HXSLDZCh@YXYt@a@j@g@j@[Z_@~AiAPGd@FtAAPFd@GVHVILDNTn@Ab@Tf@Cb@V\f@RHPPLTd@j@ZRN`@Z^NFf@APd@TBXR^EVVPh@f@fAHlABHPVV`BDbBRv@d@~@AJBJZLXRPDl@EDCd@Nb@Fb@St@Pj@MJLDRD@x@]ELDJb@?VGXPp@|@RDf@h@ZLf@XREJBTRNT^JBNN?h@LZMV?TEFBNORi@Xa@Zq@l@qBLWh@eBHMD_@\q@Da@DU~@s@BC?ERGZs@p@w@Fc@Zs@XON[LEZ_@Pe@TYPa@T_AHUH]RUHU`AqAdAw@b@QHMTMN_@X_@HQl@gAHc@p@e@RWDMB]Zy@Jo@B]Rw@Ho@Ne@Za@FWt@e@bAOl@Al@WPOTI^_@`@Gd@Ud@MZ?TK~@Gv@Sd@[hAg@v@m@v@a@fAGr@Ux@IpAWjAE`AUnAGXGXBb@LdA?ZITYp@c@P[VMl@e@Xw@RWh@e@\GVD`@WZAZOXUl@SJBJRfAHbA}@lAu@d@OHc@f@[Bg@Za@PKDIBm@NYHe@V[FMD]DUR[`@MJO,2,57.7,
2,Afternoon Walk,2344.0,2159,4474,45.6,Walk,Walk,10247997444,2023-11-19T12:03:18Z,2023-11-19T13:03:18Z,(GMT+01:00) Europe/Bratislava,3600.0,,,,0,0,0,1,0,False,False,False,False,everyone,False,,"[48.158329613506794, 17.063916781917214]","[48.15835836343467, 17.064510388299823]",1.086,6.0,True,105.8,132.0,False,True,210.2,172.6,10973794633,10973794633,655a688610ab1b28658e39e0.fit,False,0,0,False,95198974,1,a10247997444,_i}dH}~cgBEGSm@Wi@Ce@KUG[WeDGYOOCKMQ@CvEeDQFWBINBBPCJ?RYd@UHKHCDBBHHJ\I^[HO\WHSCQ?YBEFALDPKDMHIv@CNUDMT]d@b@Df@CDCC@ECAAB@DHLPLJ`@ENa@l@,2,53.9,
2,Morning Walk,4997.0,4993,6389,106.1,Walk,Walk,10247996732,2023-11-19T09:44:26Z,2023-11-19T10:44:26Z,(GMT+01:00) Europe/Bratislava,3600.0,,,,0,0,0,1,0,False,False,False,False,everyone,False,,"[48.14981762319803, 17.049460764974356]","[48.157881600782275, 17.063753586262465]",1.001,2.6,True,96.8,139.0,False,True,237.3,144.2,10973793858,10973793858,655a687c807fa129b40937aa.fit,False,0,1,False,95198974,1,a10247996732,kp{dH{y`gBSNWFi@GKGU[MKMHQn@IQEEa@Ga@Ls@?[D}@SU?I[WQS?KBULYHk@H[@WKe@@WV[d@IPEPCBCA?JF@IPUSBB@BMWDGD?@@@HGCCGLFEIK?JDBBIGDCCHK?RAG?C?FBBAK?N?G@NBJHBABK?S@GB?AJKNKDHIIVJOKNC?FEBKC@GLB?HQC?IPLUBIGXEDJ]K^FKBIKPJGLYU\PYMTC??ELGBIQTVUQPG@VY@EEI@KCBBR?HEJQJNIJS?[@DFB@DEPIJSFPMBQEIDFCTWNVSBI?DIJKDJGDK?[DNANKPMFFAHIBK@Y@JCPGHMDB?XW@KGI?JCLQNPS?]@NARKNGBLGHO?EEWBVEPK@@CNQ@ECKBIDVGNIHHMAWBRKVDSAQBB?JKPFK?DKJJOEJDGKLN[ENFIABEJ@KGLL]RWZi@NQFCTA^HlA?b@Ef@Mf@Cd@FPLp@Pd@A\Bh@Md@ABIHGBi@EWEaA@mAJmAEkA@[CS?c@JuAAe@Je@AmDF]D_AJOBMIc@KkABu@Hg@Ae@J_@Vq@b@o@Pk@\u@La@Vs@V[Vc@HKfAg@RQX_@z@_@l@e@FIMqCE]O[@a@EkAAmAUaDKaCMq@AmAQ_C?IPMNUDUKy@[wACe@Ju@HEDIROLIF@VKFW?QSLGHi@TCBEECPBZCLIJQBWS]q@[_AEY@CLSTi@Le@Da@Je@Fs@Li@@UAUGQi@m@MIM?cBb@oARoAXqARoB`@qOrE}@Z[FyAb@,2,59.3,
2,Morning Walk,702.0,385,447,0.0,Walk,Walk,10247995344,2023-11-19T07:59:36Z,2023-11-19T08:59:36Z,(GMT+01:00) Europe/Bratislava,3600.0,,,,0,0,0,1,0,False,False,False,False,everyone,False,,[],[],1.823,2.8,True,87.3,99.0,False,True,205.3,202.2,10973792546,10973792546,655a686b58c52e72b729a65b.fit,False,0,0,False,95198974,1,a10247995344,,2,57.2,
2,Night Workout,0.0,9561,9561,0.0,Workout,Workout,10247994793,2023-11-18T21:50:43Z,2023-11-18T22:50:43Z,(GMT+01:00) Africa/Algiers,3600.0,,,,0,0,0,1,0,True,False,False,False,everyone,False,,[],[],0.0,0.0,True,95.0,119.0,False,True,0.0,0.0,10973791929,10973791929,655a68602825c22103ef2b32.fit,False,0,1,False,95198974,1,a10247994793,,2,,
2,Night Walk,1180.0,846,1780,16.0,Walk,Walk,10247994262,2023-11-18T20:29:24Z,2023-11-18T21:29:24Z,(GMT+01:00) Europe/Bratislava,3600.0,,,,0,0,0,1,0,False,False,False,False,everyone,False,,"[48.13982396386564, 17.110331235453486]","[48.145616026595235, 17.10378237068653]",1.395,3.0,True,115.1,149.0,False,True,157.0,141.0,10973791377,10973791377,655a6858807fa129b4093752.fit,False,0,0,False,95198974,1,a10247994262,gxydHwtlgBoCSCh@?~@Qr@S\Gh@@VCXQj@OVSj@Op@Qf@EZc@l@a@tDSVMl@INQNKXSJa@f@{@v@,2,60.7,
2,Night Run,5009.0,1411,1422,4.6,Run,Run,10247994124,2023-11-18T20:04:58Z,2023-11-18T21:04:58Z,(GMT+01:00) Europe/Bratislava,3600.0,,,,12,0,0,1,0,False,False,False,False,everyone,False,,"[48.15867838449776, 17.06496804021299]","[48.13974718563259, 17.110499208793044]",3.55,8.6,True,153.7,173.0,False,True,197.7,141.0,10973791256,10973791256,655a685610ab1b28658e3819.fit,False,9,1,False,95198974,1,a10247994124,uz|dH{tdgBb@cAVw@Vc@f@yAdA_C`@kA|@oBNWTU`@w@l@q@RYtCeFHSVw@v@{Aj@sA`@w@d@wAd@cANIXEn@AtBWh@?j@NL@d@AX?d@Ef@?zAFp@@rADf@B~@C|A@v@F`Cf@jBx@n@`@b@`@PHFAHG^{@NQPK\E\IFET_@LMJCL?\Jh@Dd@Jr@Zl@Dp@Tn@Dp@PtAPl@DPCJMLk@LeAp@iHP}BPsADaBDo@RkALsAXiBTiCb@mDdAgKh@iEd@oEbB{NH_ATeAZe@TiATSHOBOHgBG{BJcDZgBTkCVuARoBFYTo@Fi@Bo@BwB\oEPsA?eDN}FCsDL_FHwGHsCCcEFgAAo@@sDIcF?_A,2,88.0,0.0
2,Afternoon Walk,8265.0,5270,5341,31.2,Walk,Walk,10247993778,2023-11-18T15:23:50Z,2023-11-18T16:23:50Z,(GMT+01:00) Europe/Bratislava,3600.0,,,,0,0,0,1,0,False,False,False,False,everyone,False,,"[48.14998718909919, 17.04939840361476]","[48.14574720337987, 17.104278411716223]",1.568,7.2,True,104.0,119.0,False,True,207.1,140.4,10973790782,10973790782,655a684e095d8b4a2c99f8db.fit,False,0,1,False,95198974,1,a10247993778,wc{dH}qagBVuAFq@?WIa@Cm@CCCAUHOAQKQo@EYM]AQJ}BAy@Ea@DkALy@Rc@Nc@Bw@C[BOPa@Da@EOSOIUE_@Q{@ImAMu@G}@?kAGuABWIsAIo@CiBKuAYkCDQFEHERA\SVIb@[HUBEd@Of@c@^UJC\B`@ERKRYIk@KqBFo@Aq@Ce@@a@DW?e@Ea@B_@@aAAq@IyA@_BC_@?yBDs@DWByADa@AUE]B_@Cu@?q@JgBCu@Lm@?YHy@@a@A]DS@}@Aw@?m@Fc@Ao@@m@PcCVkAr@yAj@q@j@Q^EFCZo@DURi@LIVGR@l@b@f@PTFj@Xv@P~@Zh@Db@N\FLBLJPDd@AJI@GJo@NaCFg@Fs@F[f@kFPuCPs@R{BHqAToA?]~@mHLyANkADg@He@VaCJq@`@uCReC^iCVkCPgARaBLaB?a@F_@HgAJYJm@?g@Fi@BqAFYPe@DO?g@TuB@c@F[P]FUVcBBq@N}@D]?YLaA?g@EY?OLWVw@F_ACK@QL_ABi@FUJ_A?g@NsA@a@PkADy@?a@FmAAcBFoAAyACm@JoBLkE@aGHyA?iCDiACeBDQ?MEo@?e@FkACaBEq@@m@AYSw@AYH{CAcBEu@?]E]?cABmAGa@?cAK_AAg@UqAOc@MsBWqA?k@Mw@IcBS{@KQIUEWMWMu@@s@Gk@Fg@?QUgAA_ACKWg@Im@OUEM?MNk@D{@Es@YoACSAwBDOJIBKC]?_@UgAEY@OHk@L]\_@d@{@LKFIn@c@MDOCE@ADMb@Ef@Sl@Or@Eh@ENAV@jACd@[|@Er@?PVtBOj@MPGVc@`As@rAmAjBMZYb@{@nBg@l@c@hAg@p@SNMR{@n@SRe@Rc@TAB?JILCAAIGGQGMGK@CAy@pBOBGCGEIASPSf@?XIZKjB]n@Kn@Wn@UN_@f@QDSVOFKPGVGHGBc@DWHMLYHKJEJ@JJNNf@Jf@R\VbAV^PLL?DHHp@XrALx@BxABPb@jAB^H\PZ,2,61.0,
2,Evening Workout,0.0,3908,3908,0.0,Workout,Workout,10247992659,2023-11-17T19:25:31Z,2023-11-17T20:25:31Z,(GMT+01:00) Africa/Algiers,3600.0,,,,0,0,0,1,0,True,False,False,False,everyone,False,,[],[],0.0,0.0,True,103.3,133.0,False,True,0.0,0.0,10973789758,10973789758,655a6840fa86b35c2aef9ebf.fit,False,0,0,False,95198974,1,a10247992659,,2,,
2,Lunch Run,4128.0,1502,1585,71.7,Run,Run,10247993159,2023-11-17T11:18:14Z,2023-11-17T12:18:14Z,(GMT+01:00) Europe/Bratislava,3600.0,,,,2,0,0,1,0,False,False,False,False,everyone,False,,"[48.15851837396622, 17.06448482349515]","[48.1497535854578, 17.04948641359806]",2.748,8.6,True,153.7,169.0,False,True,205.7,145.3,10973790216,10973790216,655a6842807fa129b4093706.fit,False,0,0,False,95198974,1,a10247993159,g{|dHgsdgBhAiCn@oAbCgG^iAh@qA~@cB`A{A\m@hA{An@cAjAsCLSfAyBv@sBN[LK~BWn@EXBd@LR@j@Af@@f@EdABt@AxBON?p@H`@Ax@Bn@Cx@@~@Hz@RXP^Nz@d@^LPLPFPNPVDP?N_@zAGh@GdAEdFMvBvCxEmBkBKIE@GJEXBXCr@YrAUfED~@?tBEjCCfDEfBNrD?bAGrA?nAE~A@v@OZUTWBk@?UFc@^q@b@Y`@uAr@GFCP?vADd@Bh@DX@n@`@rHHz@DpANlABnALtAFNPL@DAX_@jAAT?pAAdBIAEDBJ?n@OzC@z@IfB@fAEtBIx@,2,82.4,
2,Evening Walk,1098.0,879,6156,16.3,Walk,Walk,10247993014,2023-11-16T18:14:39Z,2023-11-16T19:14:39Z,(GMT+01:00) Europe/Bratislava,3600.0,,,,0,0,0,1,0,False,False,False,False,everyone,False,,[],[],1.249,5.0,True,90.5,110.0,False,True,201.8,188.5,10973789894,10973789894,655a68372a1ea050827a1fb6.fit,False,0,0,False,95198974,1,a10247993014,,2,57.9,
2,Afternoon Walk,2024.0,1627,2483,41.3,Walk,Walk,10229785484,2023-11-16T16:30:57Z,2023-11-16T17:30:57Z,(GMT+01:00) Europe/Bratislava,3600.0,,,,0,0,0,1,0,False,False,False,False,everyone,False,,"[48.1538912281394, 17.07226876169443]","[48.158284770324826, 17.064161617308855]",1.244,5.133,True,98.8,136.0,False,True,201.8,167.0,10954884286,10954884286,655654950f6d1c6dc69b4f41.fit,False,0,0,False,95198974,1,a10229785484,}l|dHofegBCFGBW?MBCF@PENUPMVKZSTYt@g@hAU\g@n@O@SW[UG?Wx@g@dAM[WW{@~ARTL@JCDDFPBXC\OX]b@GR,2,56.7,
2,Morning Walk,2361.0,1608,2857,22.2,Walk,Walk,10227138861,2023-11-16T06:57:57Z,2023-11-16T07:57:57Z,(GMT+01:00) Europe/Bratislava,3600.0,,,,0,0,0,1,0,False,False,False,False,everyone,False,,"[48.15870403312147, 17.064448026940227]","[48.1543679907918, 17.072003223001957]",1.468,2.6,True,93.6,116.0,False,True,210.3,167.0,10952129817,10952129817,6555c8d777cabd750516dc09.fit,False,0,0,False,95198974,1,a10227138861,_k}dHagdgBOa@McAO[WMAQADCC?O@B\DJ\HJBADQJG?E?EKIRe@HIXQTETMr@@LIPQZEPBPLb@h@`@j@\HJANKb@OVQBAJFV_AXq@\e@ZAJMJk@RMB[DIDQPSRa@BG?WPSPi@PQJ?XW\a@`@i@FU^m@N_@LON_@,2,62.1,
2,Night Workout,0.0,4671,4671,0.0,Workout,Workout,10225492755,2023-11-15T20:16:02Z,2023-11-15T21:16:02Z,(GMT+01:00) Africa/Algiers,3600.0,,,,0,0,0,1,0,True,False,False,False,everyone,False,,[],[],0.0,0.0,True,92.1,133.0,False,True,0.0,0.0,10950366784,10950366784,65B27F85-2074-470E-AC52-A78A414F6434.fit,False,0,0,False,95198974,1,a10225492755,,2,,
2,Evening Table Tennis,0.0,4686,4686,0.0,Workout,TableTennis,10224847072,2023-11-15T18:15:12Z,2023-11-15T19:15:12Z,(GMT+01:00) Africa/Algiers,3600.0,,,,0,0,0,1,0,True,False,False,False,everyone,False,,[],[],0.0,0.0,True,132.8,153.0,False,True,0.0,0.0,10949705826,10949705826,A462A482-8D42-4CAB-A233-55352ED3D865.fit,False,0,1,False,95198974,1,a10224847072,,2,,
2,Afternoon Walk,1869.0,1472,1885,34.6,Walk,Walk,10224134016,2023-11-15T15:26:39Z,2023-11-15T16:26:39Z,(GMT+01:00) Europe/Bratislava,3600.0,,,,0,0,0,1,0,False,False,False,False,everyone,False,,"[48.15374395810068, 17.071880009025335]","[48.1585088185966, 17.06421601586044]",1.27,3.0,True,92.8,107.0,False,True,201.6,167.0,10948977519,10948977519,655501db88cc30537d17edbc.fit,False,0,0,False,95198974,1,a10224134016,cm|dHofegBMFY\ULIJUj@Yb@IDKRMNQf@Yf@GRQNK@KMYGCKEAGBONeAfCABGQUWDH}@V@VFT?HCPFFJ?JHFLBTCTSf@Kl@EF,2,56.4,
2,Morning Walk,1638.0,1058,1302,4.1,Walk,Walk,10221421376,2023-11-15T08:45:29Z,2023-11-15T09:45:29Z,(GMT+01:00) Europe/Bratislava,3600.0,,,,0,0,0,1,0,False,False,False,False,everyone,False,,"[48.1585952360183, 17.064383989199996]","[48.15397119149566, 17.07213280722499]",1.548,2.8,True,99.7,127.0,False,True,199.3,167.0,10946169082,10946169082,65548a5fc79ebf34aef524e8.fit,False,0,0,False,95198974,1,a10221421376,}z|dHcrdgBLY^OT_@HQLc@NUb@mA`@}@FEVE^e@dAmBZu@DQLWDWXa@`@],2,59.9,
2,Evening Table Tennis,0.0,9447,9447,0.0,Workout,TableTennis,10219506733,2023-11-14T19:33:27Z,2023-11-14T20:33:27Z,(GMT+01:00) Africa/Algiers,3600.0,,,,0,0,0,1,0,True,False,False,False,everyone,False,,[],[],0.0,0.0,True,108.3,163.0,False,True,0.0,0.0,10944180344,10944180344,F9779C0B-674F-46A4-BCCF-6E8EA05CC999.fit,False,0,0,False,95198974,1,a10219506733,,2,,
2,Afternoon Walk,2014.8,1554,2131,69.6,Walk,Walk,10217456293,2023-11-14T15:31:13Z,2023-11-14T16:31:13Z,(GMT+01:00) Europe/Bratislava,3600.0,,,,0,0,0,1,0,False,False,False,False,everyone,False,,"[48.144816644489765, 17.076883669942617]","[48.14999498426914, 17.06312603317201]",1.297,2.492,True,118.5,165.0,False,True,154.4,134.2,10942081721,10942081721,B6862A0A-2131-48F5-9516-3620E08F64E1.fit,False,0,0,False,95198974,1,a10217456293,_uzdHyafgBi@Vi@j@W^i@lADTQd@S|@MfBCn@BpAAvAGr@G`CMzBCR@jAQzCB|BCn@B`ACrABdCCt@?~BAd@HfDKtFAvAD|@?BSFSTKD,2,,
2,Windy canceled 8km + rainy,4006.1,1120,1378,30.6,Run,Run,10217288730,2023-11-14T15:07:41Z,2023-11-14T16:07:41Z,(GMT+01:00) Europe/Bratislava,3600.0,,,,5,0,0,1,0,False,False,False,False,everyone,False,,"[48.158525666221976, 17.064350210130215]","[48.14512090757489, 17.076339181512594]",3.577,8.084,True,173.0,185.0,False,True,199.8,144.4,10941908593,10941908593,15E90844-9B12-4152-9957-FDD862B3E542.fit,False,0,0,False,95198974,1,a10217288730,c{|dHerdgBvAcD^gAjAiCb@gAvBeFxA_C|BeEp@{Ad@mAj@iARk@x@{Af@sA\g@POJGPA|AATBVFn@Fn@K~BCXBtA@l@A`@FxACX?j@CrA?~APVF^F^NRBrAn@b@NbAn@VFLCT_@`@],2,,0.0
2,Morning Walk,1880.4,1053,2799,66.6,Walk,Walk,10215215280,2023-11-14T06:58:54Z,2023-11-14T07:58:54Z,(GMT+01:00) Europe/Bratislava,3600.0,,,,0,0,0,1,0,False,False,False,False,everyone,False,,"[48.15817605704069, 17.064871564507484]","[48.15416246652603, 17.072023171931505]",1.786,5.218,True,107.4,138.0,False,True,220.4,161.4,10939754293,10939754293,BA6413EE-89E2-487A-BA24-75B9EE243DED.fit,False,0,0,False,95198974,1,a10215215280,ae}dHkycgBc@XK?Qk@Ms@I_AKg@GKa@DCCYyAGgAMq@YoAGqAIQWSM]B]FMSb@C@@Dl@l@HBHAJQNo@P[LQ~@Yx@Yb@EPDVNV^`@b@`@XN@RCrA[HIJSV{@Ti@HM\S^q@p@gBVe@d@kABCHBFAZUlA{BRg@Va@Xq@RW,2,,
2,Night Workout,0.0,2107,2107,0.0,Workout,Workout,10208577832,2023-11-12T21:53:23Z,2023-11-12T22:53:23Z,(GMT+01:00) Africa/Algiers,3600.0,,,,0,0,0,1,0,True,False,False,False,everyone,False,,[],[],0.0,0.0,True,73.0,92.0,False,True,0.0,0.0,10932853647,10932853647,6675B0BA-FF1D-4644-B0E5-F96E0512CC5B.fit,False,0,0,False,95198974,1,a10208577832,,2,,
2,Evening Table Tennis,0.0,3968,3968,0.0,Workout,TableTennis,10207730997,2023-11-12T17:42:31Z,2023-11-12T18:42:31Z,(GMT+01:00) Africa/Algiers,3600.0,,,,0,1,0,1,0,True,False,False,False,everyone,False,,[],[],0.0,0.0,True,120.1,150.0,False,True,0.0,0.0,10931970405,10931970405,823C404D-50A1-4BD0-8D09-5142DF165841.fit,False,0,1,False,95198974,1,a10207730997,,2,,
2,Afternoon Walk,4428.0,2861,3359,22.4,Walk,Walk,10207297335,2023-11-12T16:17:24Z,2023-11-12T17:17:24Z,(GMT+01:00) Europe/Bratislava,3600.0,,,,0,1,0,1,0,False,False,False,False,everyone,False,,"[48.13995840959251, 17.0977071672678]","[48.15069118514657, 17.064435202628374]",1.548,13.2,True,101.6,132.0,False,True,154.3,142.5,10931519986,10931519986,6551099307187367d3b14a9b.fit,False,0,0,False,95198974,1,a10207297335,kjydH}|igBCR[r@G~@EPEh@B^Gb@m@xB?RDl@OjAI\ExAQbAEb@S`AA^KZAl@AN[fABf@DNAHKFQGS@LvCGAOJMZEpAIl@Al@Gr@?^GdAGp@KZAb@I`Ae@fDQ~AAp@EHWRe@B[C[@QHMLOjAQfCWzAAr@YpBK^UbBKb@MZa@jBq@`B_@`@_@zAa@p@Wh@UZM^MVGTMXK|@O\W|@MXUZWn@Qp@QXMLYl@MN]TOVSEO@OF}@jAeAz@WZSN_@p@Un@AFFT?FWh@Ol@K`AMzIK~BIx@AtAO|DAr@HnAArAE`@@tCADC@KESAGFCLFvABX@~DFn@Ir@Dj@Cn@U`@KhAMRWt@g@bA[Z_@ZI@]Wi@IIEg@ZORABCADQRC@IFFAE@OABEEJGFKDA@EFEDI`@M?ECQ@CB@AFUAMHO@MFI^EOUHK?AP@BJGFUB?IXC@CE@EEBUSAEJCUXBBNGJOBKBRCJGHKBECGUCRF?HG?KQNB?@EFGD@JFUCNB\NQEBICJ@DOOGABMHRD\A`@@FEPALBn@LPBXCDaAp@q@\{BdAyDzBqBfAOFGAGGk@qC?UBUJUPUrCiB,2,60.3,
2,Recovery Run Easy Pace,8012.4,2579,2830,86.4,Run,Run,10206908939,2023-11-12T15:29:58Z,2023-11-12T16:29:58Z,(GMT+01:00) Europe/Bratislava,3600.0,,,,15,1,0,1,0,False,False,False,False,followers_only,False,,"[48.15842860378325, 17.06419514492154]","[48.13982538878918, 17.0980576146394]",3.107,7.571,True,172.2,182.0,False,True,208.4,132.0,10931115878,10931115878,220FAED4-538F-4BB5-A442-31C63A98815E.fit,False,3,1,False,95198974,1,a10206908939,k{|dHsqdgBRm@Ta@p@mBt@uAl@yAV}@R]j@wAtA}C\o@jCgEb@{@V_@p@kBx@cBTq@bAcBLi@b@eANSVKTGTAr@@\Fn@CbCD`BE~@?^AbBD|@@\A~@Df@Ax@Dx@HZ?lAZ~Ax@`@NNNPCX\ZP|@e@ZWp@_@n@y@ZKb@KJ@HB`@TF@J?ZOFARF`@Dr@Z^Xn@Tb@HZBPDp@BVDHCHOL{@b@}Bn@wHNs@PkBZsFNaAf@oEPoBN}@LaBXgBJsAXqBLqAf@aETyCJe@P}APoAPyBNmARyCHa@VmCNg@JeAJe@Cm@JmALu@De@f@aCDe@Z}BBu@J]Dm@\{BBo@\gCLoAReEHuAD}A@yCHaBDuAAc@FuA@gCFgCAwBHgD?iCDa@Ci@@u@FmEDy@AiDES@a@KsGAmBCg@@s@CoACUMg@EmB]{BWwCSqACi@UqBQ]CSAoAMq@KmBScBCgAQcA?e@Gg@A[W{@@kAEc@[qAIUO_A?WNwAHOH_@H}B?g@Du@F_@BCJAh@H`@JZ?TVDAHMH[Ns@Dq@Hi@HwBByAFqA@iBRkB?JGVEn@GtBEd@K|C?v@GbA@jAMfBIJI@_@GOMUc@MIIAOAe@DMFINIv@G|@Bh@GVEv@Mp@GvANxAb@~APjAB`BDdAR~@B`ANd@?d@LvABh@F|@h@`FZxBPxBJp@@f@VdBNnCLp@AnBHjBBhEHxBAdADhCE~BC`@CfA@v@C\KxC@dAArBIbECdE,2,,0.0
2,Afternoon Weight Training,0.0,2796,2796,0.0,WeightTraining,WeightTraining,10207296835,2023-11-12T14:45:44Z,2023-11-12T15:45:44Z,(GMT+01:00) Africa/Algiers,3600.0,,,,0,0,0,1,0,True,False,False,False,followers_only,False,,[],[],0.0,0.0,True,88.7,143.0,False,True,0.0,0.0,10931519512,10931519512,6551098ad2ab1951d96d82e1.fit,False,0,0,False,95198974,1,a10207296835,,2,,
2,Morning Walk,2549.0,2231,7679,94.2,Walk,Walk,10207297208,2023-11-12T08:10:13Z,2023-11-12T09:10:13Z,(GMT+01:00) Europe/Bratislava,3600.0,,,,0,0,0,1,0,False,False,False,False,followers_only,False,,"[48.14989121630788, 17.06261440180242]","[48.149958439171314, 17.049260772764683]",1.143,12.4,True,84.3,140.0,False,True,237.0,147.4,10931519747,10931519747,6551098853faad7634cb7619.fit,False,0,0,False,95198974,1,a10207297208,gg{dHiccgBBv@H|@DbAHfA?p@LjAATLp@Fx@?JHdACJSPCx@DLF@NADBBHAl@Bj@ERjAn@uAp@Qb@?f@OxAAt@@V_`@xf@IKEDOBABp@U?LCOCCUv@DJAFEB?FJTBAAK@DOc@@KMR?EN_@X[NKf@q@FKBUDALDR?PF\EL@XIJFB?FEd@SPO^CL@HFBNATGGE]@YAWLa@d@a@L?PFTA\ITBNCJFEHFDFAPGNFN@?MDKEKBCEBG@MIC?FOGA@EEFC?IGG@DI@SFF@L@OS@@RJFGT?DB?FK?IK[JKDDBCDOLEKbCDFFI@KBDE\NIKp@Bb@C\BRBFBAJc@XKFP\JTN,2,52.5,
2,Afternoon Walk,2585.0,1823,2330,34.1,Walk,Walk,10194897837,2023-11-10T16:53:56Z,2023-11-10T17:53:56Z,(GMT+01:00) Europe/Bratislava,3600.0,,,,0,0,0,1,0,False,False,False,False,followers_only,False,,"[48.154319962486625, 17.072715181857347]","[48.15854720771313, 17.06420478411019]",1.418,13.4,True,97.2,141.0,False,True,201.1,167.0,10918641095,10918641095,654e6a3423a00a114b81a79f.fit,False,0,0,False,95198974,1,a10194897837,wm|dHifegBQFa@\g@jAOPKPi@`@Eh@a@h@a@r@MJOSYG?EEAGH_@pAUd@U[BIF@JN_Bt@f@`@LP@BCLD\ALMXg@`A,2,56.2,
2,Lunch Weight Training,0.0,2119,2119,0.0,WeightTraining,WeightTraining,10193286391,2023-11-10T11:18:00Z,2023-11-10T12:18:00Z,(GMT+01:00) Africa/Algiers,3600.0,,,,0,0,0,1,0,True,False,False,False,followers_only,False,,[],[],0.0,0.0,True,67.5,97.0,False,True,0.0,0.0,10916974345,10916974345,654e1a89f908723edf503a9d.fit,False,0,0,False,95198974,1,a10193286391,,2,,
2,Morning Walk,2635.0,2288,3929,21.3,Walk,Walk,10192454480,2023-11-10T06:51:04Z,2023-11-10T07:51:04Z,(GMT+01:00) Europe/Bratislava,3600.0,,,,0,0,0,1,0,False,False,False,False,followers_only,False,,"[48.158611161634326, 17.06408961676061]","[48.15396800637245, 17.07187682390213]",1.152,6.2,True,92.3,117.0,False,True,210.3,167.0,10916104841,10916104841,654de3da165697641455dec5.fit,False,0,0,False,95198974,1,a10192454480,mj}dHkddgBOk@Ca@KSS}AEMSQO[?CCABJCJE?BEB?NBHIFTRPF??Q^QAGGAF?f@NJ?zCrAVYD?TJXCRKXCNMRCZQJQJ]FU@W\_ANk@Ra@PGPYh@qALORo@^u@JYRYT?LG^e@h@w@HIDQ|@wBXQ\g@,2,62.6,
2,Afternoon Walk,1996.0,1607,2143,34.7,Walk,Walk,10189292666,2023-11-09T16:10:47Z,2023-11-09T17:10:47Z,(GMT+01:00) Europe/Bratislava,3600.0,,,,0,0,0,1,0,False,False,False,False,followers_only,False,,"[48.15396482124925, 17.07266396842897]","[48.15851837396622, 17.064214423298836]",1.242,4.8,True,100.7,132.0,False,True,201.7,167.0,10912840282,10912840282,654d0df1a6d45254e716c59c.fit,False,0,0,False,95198974,1,a10189292666,il|dH_gegB[\y@REh@GHSLQV{@pBEPMR]Vs@R{@h@KL[j@ELE^M^@RDFARWf@?DRs@?G_@m@?OBOCa@BM]JJ^MJ?LFNPR@PNZ?FOp@KRCNMP,2,56.0,
2,Afternoon Weight Training,0.0,2482,2482,0.0,WeightTraining,WeightTraining,10189292527,2023-11-09T13:39:06Z,2023-11-09T14:39:06Z,(GMT+01:00) Africa/Algiers,3600.0,,,,0,0,0,1,0,True,False,False,False,followers_only,False,,[],[],0.0,0.0,True,72.6,95.0,False,True,0.0,0.0,10912840212,10912840212,654d0df0d92b4e6db4733289.fit,False,0,0,False,95198974,1,a10189292527,,2,,
2,Afternoon Walk,1377.0,1083,3441,9.5,Walk,Walk,10188373523,2023-11-09T12:32:32Z,2023-11-09T13:32:32Z,(GMT+01:00) Europe/Bratislava,3600.0,,,,0,0,0,1,0,False,False,False,False,followers_only,False,,"[48.15870403312147, 17.06440318375826]","[48.153830375522375, 17.071835165843368]",1.271,3.2,True,92.5,109.0,False,True,198.8,167.0,10911886127,10911886127,654cdf68f09f3f3e0ecd83c0.fit,False,0,0,False,95198974,1,a10188373523,_{|dH{qdgBFKPCJGR]T}@FMPQFWl@yAZ_@BAR@JG\g@Lc@PYHQn@mAd@kAz@u@,2,59.1,
2,Morning Walk,1736.0,1134,1693,5.1,Walk,Walk,10186996152,2023-11-09T07:38:06Z,2023-11-09T08:38:06Z,(GMT+01:00) Europe/Bratislava,3600.0,,,,0,0,0,1,0,False,False,False,False,followers_only,False,,"[48.15878399647772, 17.06436320208013]","[48.15390723757446, 17.0717488322407]",1.531,3.2,True,87.3,99.0,False,True,195.9,167.0,10910458429,10910458429,654c95ce06970779dfdab758.fit,False,0,0,False,95198974,1,a10186996152,y{|dH{qdgBNSb@}@F]Pc@HYHMHUf@g@HQFg@T_@BCD@Vf@B@BAZi@X_@f@eAJQ\}@Hk@TWl@e@,2,59.0,
2,Night Table Tennis,0.0,4657,4657,0.0,Workout,TableTennis,10185249093,2023-11-08T20:39:39Z,2023-11-08T21:39:39Z,(GMT+01:00) Africa/Algiers,3600.0,,,,0,0,0,1,0,True,False,False,False,everyone,False,,[],[],0.0,0.0,True,127.5,154.0,False,True,0.0,0.0,10908648486,10908648486,3A2D322D-AE11-40B9-837C-6D83B027891D.fit,False,0,0,False,95198974,1,a10185249093,,2,,
2,Afternoon Run Crowded Stadium,10551.8,3197,4245,148.6,Run,Run,10184033813,2023-11-08T16:55:37Z,2023-11-08T17:55:37Z,(GMT+01:00) Europe/Bratislava,3600.0,,,,13,1,0,1,0,False,False,False,False,everyone,False,,"[48.15837110392749, 17.06425909884274]","[48.1450651679188, 17.078166352584958]",3.301,9.306,True,173.6,183.0,False,True,205.8,132.8,10907405487,10907405487,7F2444AF-7202-491C-B5A0-C3DE6B8537A9.fit,False,7,1,False,95198974,1,a10184033813,_{|dHgrdgBdB_EZ}@|@_CT_@n@mBXg@Vq@j@gAfAcBf@cAhAkBhAcCVq@t@yANi@r@mAh@}A`@w@LMNEj@Ep@DnA@`@B~@Ab@B\C`@@RCRB^Cx@Df@Ct@B`@At@@b@Ar@Lb@GdABl@LJ?ZF\BPN~@d@j@HNJXFHFPE?BZb@RLF@DCN]NSXM\Wb@I`@c@HYFKr@m@RYLK@K,2,,0.0
2,Afternoon Walk,1622.0,1327,1555,34.6,Walk,Walk,10183344280,2023-11-08T15:32:37Z,2023-11-08T16:32:37Z,(GMT+01:00) Europe/Bratislava,3600.0,,,,0,0,0,1,0,False,False,False,False,everyone,False,,"[48.15425919368863, 17.071689572185278]","[48.15833916887641, 17.064302433282137]",1.222,3.4,True,96.0,121.0,False,True,201.8,167.0,10906696063,10906696063,654bb2cec29cb603e9e310e7.fit,False,0,0,False,95198974,1,a10183344280,wo|dHudegBGFERMvAKBS?GDEZOVENS`@UV_@Va@BCB?DC@ENCZITWp@k@x@Kb@Q^Mb@EFK?KF,2,55.8,
2,Morning Walk,1873.0,1322,5138,5.2,Walk,Walk,10181508611,2023-11-08T08:39:41Z,2023-11-08T09:39:41Z,(GMT+01:00) Europe/Bratislava,3600.0,,,,0,0,0,1,0,False,False,False,False,everyone,False,,"[48.158668829128146, 17.06420637667179]","[48.154028775170445, 17.071791999042034]",1.417,12.952,True,89.8,113.0,False,True,200.0,167.0,10904792346,10904792346,654b5d8c62e4de42fa3a1653.fit,False,0,0,False,95198974,1,a10181508611,m{|dH{pdgBZm@TGPSNi@PYPm@lAsCBAHBH?FAHIhA{Bf@qAXi@R_@TQ,2,64.7,
2,Evening Walk,3268.0,3521,8539,2.7,Walk,Walk,10179152034,2023-11-07T19:12:57Z,2023-11-07T20:12:57Z,(GMT+01:00) Europe/Bratislava,3600.0,,,,0,0,0,1,0,False,False,False,False,everyone,False,,[],[],0.928,17.6,True,73.4,108.0,False,True,201.2,194.0,10902350096,10902350096,654aadccd7102d5c988eceda.fit,False,0,0,False,95198974,1,a10179152034,,2,53.0,
2,Afternoon Ride,9813.0,2601,4359,86.4,Ride,Ride,10177770288,2023-11-07T16:35:08Z,2023-11-07T17:35:08Z,(GMT+01:00) Europe/Bratislava,3600.0,,,,0,0,0,1,0,False,False,False,False,everyone,False,,"[48.15845760516822, 17.0642352104187]","[48.15822081640363, 17.064279969781637]",3.773,10.2,True,78.1,147.0,False,True,201.7,141.1,10900935336,10900935336,654a78a1a398794452de8d93.fit,False,0,0,False,95198974,1,a10177770288,y{|dH}qdgBf@sAnEaKnBuEp@mA~@sAfBcDzBwE`@eA~@eBl@}A^k@b@KZCdD@bHF~G?`BDt@H|A^rAt@^LLNBRRMFDRXHDDIXs@LQ^i@^_@t@m@`@Yd@Kd@UTQ\_@LSFS`AuBF[l@wAbAqCxCuH|@uBNa@d@iBh@uCnAuJhDo[l@_Gb@_DJkAPwA^uAjAqCtAqDZyAb@}DVaDBMHOFc@Dm@Fa@HeAPaDDyA?oAB}@BwEF}BD}BBsBCm@PiJ@yBG{@@OHQ?LEJAT?dBGtECzFG~@C`B@bDEl@ErCOpGIrBAdAS`EIrAQxAQjCY`BUrBIb@y@dH_@bCAh@e@rCATMzAQxAM^En@Mf@Er@KdAGtAqDd\O`AyApMy@jJQzAi@hH[lCGhAOd@Q`@Y^Kd@Cn@D^?rAC`AKz@e@zAEVM`@UtBEz@A`AOdCKt@EJMPIFk@HQ@QGY]][S[Ik@GaAAeBCMIK}A{@a@U{@[u@c@]Ic@YGAMLYrASJG?EG?IDcA?u@C?AH?l@CDa@CS@u@EOEEEYm@W[UGi@?e@BKDU?IGO[EEE?CBBDCDEUATw@`@cAx@[SSGeA?UBy@?s@CiCDs@Eo@@UAqADs@A{@B}@E{@BGCIIKAOJOTSPa@j@gCjCuAdAe@lA_@p@Wj@QVm@lAUREBCEGUIKOAIMCEA[KMGCS@GBORGACB_@x@CN?EIVCWISRTEEDBEKB@AEFJCAAFIH@RALKXCV?HPf@?BLLBHAp@q@bBKJEROJk@~@AF{@VS?WEi@_@_@g@[UKCC@AHKbAPHNBFHJV?^DC?GCYCIa@_@CKDQ\S,2,,
2,Afternoon Walk,1908.0,1573,3016,25.2,Walk,Walk,10177769119,2023-11-07T15:21:18Z,2023-11-07T16:21:18Z,(GMT+01:00) Europe/Bratislava,3600.0,,,,0,0,0,1,0,False,False,False,False,everyone,False,,"[48.15843204036355, 17.06402398645878]","[48.158412761986256, 17.064294386655092]",1.213,4.0,True,91.3,110.0,False,True,211.8,195.2,10900934262,10900934262,654a78980c15f12632c5c352.fit,False,0,0,False,95198974,1,a10177769119,qi}dHa_dgBKIGMM{@Mi@m@wFSOGQAEFK?MSPRd@KCF?RLOCK@@DR?LFVj@BTFTZjDFRBb@HXD^BB,2,54.5,
2,Evening Weight Training,0.0,1481,1481,0.0,WeightTraining,WeightTraining,10177769347,2023-11-06T18:06:10Z,2023-11-06T19:06:10Z,(GMT+01:00) Africa/Algiers,3600.0,,,,0,0,0,1,0,True,False,False,False,everyone,False,,[],[],0.0,0.0,True,79.7,122.0,False,True,0.0,0.0,10900934540,10900934540,654a789aec5a9f4422a3190b.fit,False,0,0,False,95198974,1,a10177769347,,2,,
2,Afternoon Walk,448.8,48,198,0.0,Walk,Walk,10170640013,2023-11-06T14:26:16Z,2023-11-06T15:26:16Z,(GMT+01:00) Europe/Bratislava,3600.0,,,,0,0,0,1,0,False,False,False,False,everyone,False,,[],[],9.35,2.268,True,103.8,107.0,False,True,139.6,137.0,10893511929,10893511929,10900D04-1EE2-493F-93A4-BAB3C0CB45C8.fit,False,0,0,False,95198974,1,a10170640013,,2,,
2,Night Weight Training,0.0,1115,1115,0.0,WeightTraining,WeightTraining,10167840212,2023-11-05T22:24:18Z,2023-11-05T23:24:18Z,(GMT+01:00) Africa/Algiers,3600.0,,,,0,0,0,1,0,True,False,False,False,everyone,False,,[],[],0.0,0.0,True,62.6,74.0,False,True,0.0,0.0,10890542719,10890542719,65481b761016b32545ddd75c.fit,False,0,0,False,95198974,1,a10167840212,,2,,
2,Evening Walk,810.0,981,981,0.0,Walk,Walk,10166583480,2023-11-05T17:33:13Z,2023-11-05T18:33:13Z,(GMT+01:00) Africa/Algiers,3600.0,,,,0,0,0,1,0,True,False,False,False,everyone,False,,[],[],0.826,3.0,True,87.8,120.0,False,True,0.0,0.0,10889223580,10889223580,6547d5fd3f2de837c806c61d.fit,False,0,0,False,95198974,1,a10166583480,,2,58.9,
2,Evening Table Tennis,0.0,1137,1137,0.0,Workout,TableTennis,10166475067,2023-11-05T17:12:56Z,2023-11-05T18:12:56Z,(GMT+01:00) Africa/Algiers,3600.0,,,,0,0,0,1,0,True,False,False,False,everyone,False,,[],[],0.0,0.0,True,101.6,145.0,False,True,0.0,0.0,10889110194,10889110194,0D46D09E-841A-45BD-8B53-F82FADB8F8BA.fit,False,0,0,False,95198974,1,a10166475067,,2,,
2,Afternoon Weight Training,0.0,3760,3760,0.0,WeightTraining,WeightTraining,10166263987,2023-11-05T15:53:46Z,2023-11-05T16:53:46Z,(GMT+01:00) Africa/Algiers,3600.0,,,,0,0,0,1,0,True,False,False,False,everyone,False,,[],[],0.0,0.0,True,72.6,88.0,False,True,0.0,0.0,10888889832,10888889832,6547c96685834014326aa5c0.fit,False,0,0,False,95198974,1,a10166263987,,2,,
2,Afternoon Walk,1097.0,1107,3649,18.1,Walk,Walk,10165705256,2023-11-05T14:34:36Z,2023-11-05T15:34:36Z,(GMT+01:00) Europe/Bratislava,3600.0,,,,0,0,0,1,0,False,False,False,False,everyone,False,,[],[],0.991,3.4,True,77.5,97.0,False,True,209.8,189.9,10888305093,10888305093,6547b6812891d862c0f95b96.fit,False,0,0,False,95198974,1,a10165705256,,2,50.8,
2,Lunch Weight Training,0.0,4728,4728,0.0,WeightTraining,WeightTraining,10164012298,2023-11-05T10:26:07Z,2023-11-05T11:26:07Z,(GMT+01:00) Africa/Algiers,3600.0,,,,0,0,0,1,0,True,False,False,False,everyone,False,,[],[],0.0,0.0,True,70.1,84.0,False,True,0.0,0.0,10886534899,10886534899,654780c0d92f2f19477b9073.fit,False,0,0,False,95198974,1,a10164012298,,2,,
2,Morning Walk,5286.0,2143,5174,105.7,Walk,Walk,10163187678,2023-11-05T08:34:00Z,2023-11-05T09:34:00Z,(GMT+01:00) Europe/Bratislava,3600.0,,,,0,0,0,1,0,False,False,False,False,everyone,False,,"[48.15731842070818, 17.06298236735165]","[48.149766409769654, 17.04953762702644]",2.467,14.4,True,78.5,103.0,False,True,237.3,145.5,10885676076,10885676076,6547696b37caba15b5cf3427.fit,False,0,0,False,95198974,1,a10163187678,_l|dHq|cgB|Bw@fDcAtHsBjCk@fBc@l@QlCi@N?XL`@`@NZBHATUlAE\DRJFP?VCdBe@nB_@~@]P?FBDPBhAGjAS`BUr@e@|@u@t@wA~@_Av@QDCC@EBCDHWVGRET?j@DtAZnEv@xNPxBFj@L^LRHDVD^G^Dd@@XDVLNVH\@^E^IZOV[TQD]@aBC}@Gc@@a@L{@b@WTOZEX?ZDf@Lb@NRNNPJb@HVJRTH`@Bv@@dCAlACl@Ib@Wh@URqA~@s@b@k@Pi@Fw@@YD]XIJKXM~@GzEU|FCpCGlAA~CK~AKb@GLQT_@RUDU?yDWsCKqASSEOKDCH@ZJD?BIJkAE}@DwAC_@FcAm@iBIKKGGF@@DGFB@DCBCA?DOI@HCOKQB??EE@AEB?CALDCCAA?DCCJLEMCCB?DJAAJFACISADA@KGFRJCHHCCC?JPX?LSPEPg@D]jARx@BTIPCXUXCH@PZXRBAJFJAJBX?VCJPB?DOJIb@GVITCBB@NNZCSBKHSFEH@JPFDr@VNATDDM@O,2,52.6,
2,Afternoon Run With Dawe...,6821.1,2584,2711,108.4,Run,Run,10160067490,2023-11-04T16:34:46Z,2023-11-04T17:34:46Z,(GMT+01:00) Europe/Bratislava,3600.0,,,,12,0,0,1,0,False,False,False,False,everyone,False,,"[48.15840614028275, 17.064363369718194]","[48.15712094306946, 17.069967426359653]",2.64,4.766,True,159.8,180.0,False,True,197.0,139.2,10882362285,10882362285,C0A804AB-236E-4819-9F58-7E46CFB0F7F7.fit,False,3,0,False,95198974,1,a10160067490,yz|dHqrdgB`@Oh@oATu@PWVs@Xm@FIHE\IRUdBiDTq@R]xAuAV]zBuBf@q@PMJAb@DdEB~DIxAApDHnCAXHf@_@|@k@DEFU@P@KFIBFFXFB`A@h@D\?LD^z@RTJBdAFj@?BG@g@BI?b@GpAG?AEFq@FWAiBDsBJsBRsAh@{AJOVYdAq@TIFGLc@JM\IZSRiA^]X]NArBuELUf@gAPWLAHFXJ^\?BFVBZC^GNCACK?IFIG]K]IKSKMCSBOHIJ]`A{@nBGXCl@Lh@FJPJPDJAJENQLSxAuDBY?WCQSa@OI]CKBMJMRyApDEh@B^JZNPPDP@JETYtA_DNi@BYCYKYOQOK]BIBQRaAxB]bAEh@F^HXJNJDNBRCPOJONg@t@aBZ{@BWAWCOKUSQSGQ@IDONkAjCYz@Eh@BZNb@ZNP@HCNKHMZy@v@cBNk@BW?YCOSa@GGSEO@KBOLgBfEEV@^DTJXHHRFR?HEZYFUrAgDF_@AYG[MQIGQGWDQJMRaAvB]~@Cd@@PFZNTPHR@PCHGLOh@wAh@gANe@BOCi@IYMQGGUEWDQNKPo@vAm@`BCN?XBNLd@LNLBN@PEHG|AgDPq@Fc@CQGt@W^EL?@FEVi@?DUp@oArCG^BJKVO@OHUAGG]BOMOEQOC@CHMBUOMOO?_@n@i@BKFe@r@eAfAm@|@a@v@SYUQSCSQWGc@UWU]Kw@M]MOCsCO{AASDkACc@@g@AgC@cCGKBKHUAMIWC[Fu@@[Ec@BUFQNWd@g@tAcAtBI\a@r@Ql@OLO`@u@|AcAhBGNo@`A,2,,0.0
2,Afternoon Workout,0.0,3607,3607,0.0,Workout,Workout,10159313577,2023-11-04T14:15:19Z,2023-11-04T15:15:19Z,(GMT+01:00) Africa/Algiers,3600.0,,,,0,0,0,1,0,True,False,False,False,everyone,False,,[],[],0.0,0.0,True,83.0,99.0,False,True,0.0,0.0,10881576272,10881576272,6546606ef9a2286694b6bbda.fit,False,0,0,False,95198974,1,a10159313577,,2,,
2,Lunch Walk,1321.0,1089,2649,21.7,Walk,Walk,10158008273,2023-11-04T10:59:48Z,2023-11-04T11:59:48Z,(GMT+01:00) Europe/Bratislava,3600.0,,,,0,0,0,1,0,False,False,False,False,everyone,False,,"[48.15847361460328, 17.064300840720534]","[48.15832642838359, 17.06421601586044]",1.213,3.6,True,88.9,103.0,False,True,212.4,195.2,10880207685,10880207685,65462eaec661c719bb16e932.fit,False,0,0,False,95198974,1,a10158008273,ui}dHu~cgBO[Ku@A[B[?[E_@KWY{AE}@EOYe@CMKACIz@v@CKC?@RB@Ep@?v@JnALZBLPzAPv@AL@DLFHEHB,2,54.3,
2,Morning Walk,1712.0,1356,1540,29.5,Walk,Walk,10157066192,2023-11-04T08:57:20Z,2023-11-04T09:57:20Z,(GMT+01:00) Europe/Bratislava,3600.0,,,,0,0,0,1,0,False,False,False,False,everyone,False,,"[48.15842877142131, 17.06394880078733]","[48.158476799726486, 17.065024031326175]",1.263,10.0,True,93.1,110.0,False,True,203.9,172.9,10879227397,10879227397,65460e80c57ae91a88f82530.fit,False,0,0,False,95198974,1,a10157066192,_||dHipdgBL[T]h@}AASg@q@KSES@KBE^ILOGdCOo@CCEL?X,2,55.0,
2,Afternoon Walk,2180.0,2254,4737,36.5,Walk,Walk,10148732622,2023-11-02T15:49:50Z,2023-11-02T16:49:50Z,(GMT+01:00) Europe/Bratislava,3600.0,,,,0,0,0,1,0,False,False,False,False,everyone,False,,"[48.153865579515696, 17.072030380368233]","[48.15843841060996, 17.064300840720534]",0.967,3.4,True,91.0,129.0,False,True,201.0,167.0,10870472641,10870472641,6543d8b53cc83a41c0109ea5.fit,False,0,0,False,95198974,1,a10148732622,cm|dH_fegB]TW^]x@i@~@c@dAIDw@Rk@d@G?OKI@y@tBC@EEAKQ]ME_AE@RNl@BPLXRTH\AZCNQl@O\,2,64.9,
2,Lunch Walk,2824.0,2859,6316,32.7,Walk,Walk,10147964270,2023-11-02T11:48:41Z,2023-11-02T12:48:41Z,(GMT+01:00) Europe/Bratislava,3600.0,,,,0,0,0,1,0,False,False,False,False,everyone,False,,"[48.158604791387916, 17.064411230385303]","[48.15416003577411, 17.07187196239829]",0.988,4.8,True,80.0,105.0,False,True,199.1,167.0,10869670090,10869670090,6543b1f0bd0fd332c2f3b3c4.fit,False,0,0,False,95198974,1,a10147964270,e{|dHerdgBJQ\QFGj@kAv@uB\q@BCN?JEdAkBL]T[t@aBT[,2,57.2,
2,Morning Walk,2202.0,1665,10116,27.4,Walk,Walk,10141417066,2023-11-01T07:15:56Z,2023-11-01T08:15:56Z,(GMT+01:00) Europe/Bratislava,3600.0,,,,0,0,0,1,0,False,False,False,False,everyone,False,,"[48.158656004816294, 17.063609585165977]","[48.15836800262332, 17.064315173774958]",1.323,11.3,True,86.8,106.0,False,True,206.7,188.5,10862800542,10862800542,654233edf83baa46294c0629.fit,False,0,0,False,95198974,1,a10141417066,qh}dHwidgBF?z@PGD@DCDUS[VC@CCED^QIG?ENQe@T\W@D@ENRCJMiA@P,2,57.3,
2,Afternoon Walk,1007.7,748,748,42.0,Walk,Walk,10131459820,2023-10-30T16:57:35Z,2023-10-30T17:57:35Z,(GMT+01:00) Europe/Bratislava,3600.0,,,,0,0,0,1,0,False,False,False,False,everyone,False,,"[48.154840897768736, 17.073830226436257]","[48.15821494907141, 17.064720606431365]",1.347,2.12,True,148.4,181.0,False,True,199.8,157.8,10852389664,10852389664,8C7A5AFC-1F92-4D83-9B78-15CB589902A2.fit,False,0,0,False,95198974,1,a10131459820,wm|dHwjegBoC`Fw@rBiAjC]~@uAbD,2,,
2,Afternoon Run,9013.0,2903,3914,109.0,Run,Run,10131394304,2023-10-30T15:52:08Z,2023-10-30T16:52:08Z,(GMT+01:00) Europe/Bratislava,3600.0,,,,9,1,0,1,0,False,False,False,False,everyone,False,,"[48.158564139157534, 17.0645650383085]","[48.15473796799779, 17.073991410434246]",3.105,5.07,True,175.0,188.0,False,True,197.0,133.6,10852321913,10852321913,1E5F1E77-2584-475A-A5D1-81E96CEA7419.fit,False,6,0,False,95198974,1,a10131394304,wz|dH}rdgBNANI|@gCx@cBPYLMP@DAFGPg@|@qAt@mB`@u@~@u@d@i@nAeAzAgBVUJ?ZPL@x@CpDB`AE~@FZ@VCv@Dj@Cl@E^Fd@CZB^Cf@B\Ab@JJANKTUt@g@TEb@@^?z@Dp@JLL\p@NPJFZDlABHCBE@g@BI?HGlBBHRDd@CJQXeABGH?TLp@f@h@Tb@ZxAl@f@XHNDNCbCHx@DPJPl@r@XNj@?VIPKL[XsCLmDRoBVeA^kAJu@?g@De@Eq@?k@B}@FYh@g@HMJi@FiAb@{ERwAD}@RiBZgEZiC`@{ETaBPsBl@mENmBZyBXqCTeBn@uGb@yDPmARqBFsAZwBDi@Lg@FeAXmCRsAJ{@PcA^cDRkAl@cG\eCTgCFmBPoCDqBFu@DiECy@HcB?}BJkE}@_|AEnCBdAEjA@rCEhBDf@?~AEbC@LFPJfBAb@Jl@Dr@?t@NbC@t@LfAHjBDnBAjA@jEFjADvDGtB@f@?~@QrG@lBE~@AbDEx@AbAKbEAbGMnEGv@EpBIt@Cx@Gf@StCWbBGz@M^EX]pDYfBCd@kA`JEv@SnACr@YzAI~AWrBMjBy@pGc@hEkBvOKxA]pBKjAOhDe@rCOnAQlAc@jGa@pEGd@Gt@Ml@WhBGD_@MyB[YKeCq@uAUaAUo@?IDIRMNc@P_Ap@g@j@[f@OQa@_@OI[KWYWGu@c@{@YSEiAKo@?y@G{AJ}@OYAiAFm@AWEkB@wACYBYHE?SQGAsCA,2,,
2,Lunch Walk,11.0,160,160,0.0,Walk,Walk,10123884690,2023-10-29T10:32:27Z,2023-10-29T11:32:27Z,(GMT+01:00) Africa/Algiers,3600.0,,,,0,0,0,1,0,True,False,False,False,everyone,False,,[],[],0.069,0.8,True,67.2,74.0,False,True,0.0,0.0,10844409314,10844409314,653e358476b4ac162b3424b0.fit,False,0,0,False,95198974,1,a10123884690,,2,20.4,
2,Morning Walk,485.0,406,7061,0.0,Walk,Walk,10123750804,2023-10-29T08:23:21Z,2023-10-29T09:23:21Z,(GMT+01:00) Europe/Bratislava,3600.0,,,,0,0,0,1,0,False,False,False,False,everyone,False,,[],[],1.195,10.6,True,75.9,96.0,False,True,237.4,232.0,10844270639,10844270639,653e322ee60a1d4c2b4fb222.fit,False,0,0,False,95198974,1,a10123750804,,2,49.6,
2,Afternoon Walk,1232.0,1567,2923,7.4,Walk,Walk,10120301848,2023-10-28T15:59:32Z,2023-10-28T17:59:32Z,(GMT+01:00) Europe/Bratislava,7200.0,,,,0,0,0,1,0,False,False,False,False,everyone,False,,[],[],0.786,7.4,True,90.8,129.0,False,True,202.6,195.2,10840636004,10840636004,653d3c647241ab665bc625e5.fit,False,0,0,False,95198974,1,a10120301848,,2,55.2,
2,Afternoon Walk,911.0,669,1825,7.8,Walk,Walk,10118390796,2023-10-28T11:29:08Z,2023-10-28T13:29:08Z,(GMT+01:00) Europe/Bratislava,7200.0,,,,0,0,0,1,0,False,False,False,False,everyone,False,,[],[],1.362,2.4,True,87.4,107.0,False,True,201.8,194.0,10838632069,10838632069,653cf84054e2d8586954a289.fit,False,0,0,False,95198974,1,a10118390796,,2,54.8,
2,Morning Run,5015.4,1582,1751,44.6,Run,Run,10116816983,2023-10-28T07:18:55Z,2023-10-28T09:18:55Z,(GMT+01:00) Europe/Bratislava,7200.0,,,,10,1,0,1,0,False,False,False,False,everyone,False,,"[48.158427849411964, 17.06432011909783]","[48.139808624982834, 17.10945926606655]",3.17,5.076,True,167.8,183.0,False,True,212.6,126.0,10836987494,10836987494,17DF6169-FA6F-4FEA-BE13-46334015CBDD.fit,False,5,0,False,95198974,1,a10116816983,o{|dHmrdgBHIFCXAHKr@aBx@uBNe@NeAFQd@oAz@mBhBsDpDkGfAeCt@{ARk@r@uAx@{BFKNMPGTAdCBZC^?\Ab@BhA?zBF|FArBBj@B~@Jl@PrAr@v@VLLX@XZRLF?FA`@k@t@i@h@YXo@DEj@GR@VPTFbALx@Tf@Bh@NzB`@p@Hh@BLADE\_DRcDZwDn@{G`@cDH{ATyBTuAv@kGh@eFZgCrBmRRoALo@Fg@FkA?IK_@LSN{@ASEIAg@Bo@HYp@_BJa@VcCl@wDjAmJJeADw@ZaCd@{JF_CHsIF{BJsLLqH?gCFgBGcE,2,,
2,Evening Walk,707.0,870,1854,15.6,Walk,Walk,10114881088,2023-10-27T18:55:02Z,2023-10-27T20:55:02Z,(GMT+01:00) Europe/Bratislava,7200.0,,,,0,0,0,1,0,False,False,False,False,everyone,False,,[],[],0.813,2.2,True,90.6,99.0,False,True,201.8,185.1,10834951173,10834951173,653c1111306fe35273c5be99.fit,False,0,0,False,95198974,1,a10114881088,,2,56.2,
2,Afternoon Walk,1337.0,2,2,0.0,Walk,Walk,10113350761,2023-10-27T14:02:54Z,2023-10-27T16:02:54Z,(GMT+01:00) Europe/Bratislava,7200.0,,,,0,0,0,1,0,False,False,False,False,everyone,False,,[],[],668.485,1.498,False,,,False,False,201.0,200.8,10833354765,10833354765,6971A15C-BCED-481E-80C4-A314304F9FE0.fit,False,0,0,False,95198974,1,a10113350761,,2,,
2,Afternoon Walk,4937.0,4785,10115,38.2,Walk,Walk,10113421922,2023-10-27T11:21:22Z,2023-10-27T13:21:22Z,(GMT+01:00) Europe/Bratislava,7200.0,,,,0,0,0,1,0,False,False,False,False,everyone,False,,"[48.158931182697415, 17.064955215901136]","[48.158371187746525, 17.06455036997795]",1.032,5.933,True,103.0,167.0,False,True,201.0,167.0,10833429681,10833429681,653bc69fb8d11f72179eb5ad.fit,False,0,0,False,95198974,1,a10113421922,{z|dHqsdgB\e@H]Rc@Tw@FKDET@PGL]ZULCXc@VSRo@HOPSTu@n@gAJ_@d@g@f@UPMZc@b@a@RMp@{@ROJ]JQLEZD^EHBHNBNAXFPAE\Hx@CDCAKJHyATFm@@K@F@I?a@EOMEOB[?MF]^g@Za@d@g@b@WLa@X_A~@c@XOZa@j@Sn@e@h@o@tAMNSb@e@XQf@UV]dAEVK\Yn@UZ,2,57.3,
2,Lunch Walk,1556.0,1239,1797,24.2,Walk,Walk,10112398377,2023-10-27T10:01:44Z,2023-10-27T12:01:44Z,(GMT+01:00) Europe/Bratislava,7200.0,,,,0,0,0,1,0,False,False,False,False,everyone,False,,"[48.15851200371981, 17.06419363617897]","[48.15835199318826, 17.064350377768278]",1.256,3.0,True,95.6,118.0,False,True,211.5,194.5,10832359405,10832359405,653b9396fe73627215b6f655.fit,False,0,0,False,95198974,1,a10112398377,cj}dHu_dgBMc@MiBWiAScBG]?GAEGC?_@AEOII]B?VZPJTV?xADXH|@PhA@h@NxAJPJADG,2,55.1,
2,Evening Walk,5140.0,5945,11648,36.2,Walk,Walk,10110223245,2023-10-26T18:29:35Z,2023-10-26T20:29:35Z,(GMT+01:00) Europe/Bratislava,7200.0,,,,0,0,0,1,0,False,False,False,False,everyone,False,,"[48.158627171069384, 17.064124820753932]","[48.158335983753204, 17.064353562891483]",0.865,5.0,True,85.0,141.0,False,True,202.7,174.0,10830078038,10830078038,653ade5165faad5b65a04eaf.fit,False,0,0,False,95198974,1,a10110223245,}{|dHaqdgBPg@T_@Rw@KWA[KIMQGW@EBAT?JG[KBPd@bAHp@?FGNa@t@,2,55.6,
2,Afternoon Walk,608.4,371,371,29.6,Walk,Walk,10107147200,2023-10-26T11:15:48Z,2023-10-26T13:15:48Z,(GMT+01:00) Europe/Bratislava,7200.0,,,,0,0,0,1,0,False,False,False,False,everyone,False,,"[48.148163203150034, 17.072285693138838]","[48.15317985601723, 17.07175520248711]",1.64,2.437,True,145.0,165.0,False,True,187.8,160.2,10826885255,10826885255,2467D37F-A210-46F0-9C18-F827DD7D285C.fit,False,0,0,False,95198974,1,a10107147200,gk{dHokegB]bAGHoAEU@{CA,2,,
2,Lunch Walk,785.3,434,514,52.8,Walk,Walk,10106677774,2023-10-26T09:36:58Z,2023-10-26T11:36:58Z,(GMT+01:00) Europe/Bratislava,7200.0,,,,0,0,0,1,0,False,False,False,False,everyone,False,,"[48.15409507602453, 17.071858048439026]","[48.14805063419044, 17.07188663072884]",1.809,3.07,True,119.2,126.0,False,True,194.4,131.8,10826396048,10826396048,760C1DF7-36DA-472F-A2CE-9B2AFB567900.fit,False,0,0,False,95198974,1,a10106677774,iz{dHeiegBx@DbBCv@BzAEpBB\CVM^E,2,,
2,Afternoon Walk,1063.5,863,1177,55.0,Walk,Walk,10102423365,2023-10-25T14:28:14Z,2023-10-25T16:28:14Z,(GMT+01:00) Europe/Bratislava,7200.0,,,,0,0,0,1,0,False,False,False,False,everyone,False,,"[48.15407973714173, 17.071882775053382]","[48.15894417464733, 17.064623711630702]",1.232,2.244,True,99.1,111.0,False,True,196.6,166.6,10821974686,10821974686,ABF411A6-85AE-4687-BD98-CEB86894ECCE.fit,False,0,0,False,95198974,1,a10102423365,qn|dHieegBw@rAkA`CQT_@p@GHGBI@IGC@KZWb@k@`B}@tBGFUFMT,2,,
2,Morning Walk,896.3,522,522,16.4,Walk,Walk,10100546227,2023-10-25T07:49:04Z,2023-10-25T09:49:04Z,(GMT+01:00) Europe/Bratislava,7200.0,,,,0,0,0,1,0,False,False,False,False,everyone,False,,"[48.159076776355505, 17.06532334908843]","[48.15393213182688, 17.071584882214665]",1.717,2.59,True,126.6,166.0,False,True,190.2,165.4,10820019840,10820019840,9BC02FF5-76BA-4528-9AD8-F865BED600A1.fit,False,0,0,False,95198974,1,a10100546227,}y|dHesdgBLORc@Xu@\q@f@sARWLAd@_@n@gAh@mAb@s@Zs@TU,2,,
2,Lunch Walk,831.0,809,9344,0.0,Walk,Walk,10095806897,2023-10-24T09:38:09Z,2023-10-24T11:38:09Z,(GMT+01:00) Europe/Bratislava,7200.0,,,,0,0,0,1,0,False,False,False,False,everyone,False,,[],[],1.027,2.8,True,78.9,93.0,False,True,141.9,141.2,10815115697,10815115697,6537bf280be9bb63973a4c75.fit,False,0,0,False,95198974,1,a10095806897,,2,53.8,
2,Morning Walk,3662.0,2641,12498,2.2,Walk,Walk,10094718730,2023-10-24T05:52:18Z,2023-10-24T07:52:18Z,(GMT+01:00) Europe/Bratislava,7200.0,,,,0,0,0,1,0,False,False,False,False,everyone,False,,"[48.14455680549145, 17.12361923418939]","[48.14613436348736, 17.124710390344262]",1.387,4.8,True,95.7,124.0,False,True,142.8,139.9,10813989264,10813989264,65378e6a38096124d0db6160.fit,False,0,0,False,95198974,1,a10094718730,ahzdHwsogB?e@AICAYReA^e@VKLM@m@u@Q_@YMg@zCB?AEECKAc@HI?w@MQK?ECCm@S[CUI_@?M[MIWEm@Da@GQEu@g@YA_@Ha@EEAy@m@WGcAKq@[_AEWKGGC??LHX?DERE@YUMUWUU]GES?]\GVEb@OXeA|@_AfAWPSX{@j@mAfAAHJJHVd@f@?ZBZ?ZJb@GVIFQAWGC@K`@IFIAIGKD@BBAYM?EBIbA{APDFA@EAOGQBAAEa@_BAQBOLORENM`@[p@u@j@e@\QbAy@f@m@BK@SFI`@c@TQZE|@YT@FBPXPJP@l@Af@JNLDLHJ^Bb@KL@JHJPRNFJJDVDh@CXRPDj@GbBTPDPL,2,59.1,
2,Morning Walk,3435.0,643,820,7.2,Walk,Walk,10094701328,2023-10-24T05:27:59Z,2023-10-24T07:27:59Z,(GMT+01:00) Europe/Bratislava,7200.0,,,,0,0,0,1,0,False,False,False,False,everyone,False,,"[48.15898239612579, 17.064798390492797]","[48.14121276140213, 17.09198878146708]",5.342,18.8,True,90.2,123.0,False,True,195.7,144.2,10813971314,10813971314,65378d5438096124d0db50fa.fit,False,0,0,False,95198974,1,a10094701328,o{|dHesdgBXGJIJQrAqDdAcCfAuCz@oBn@sAhBuCdAqBfA}B|BcF|@aBBCEHF[Pa@Lc@FKLI\I|@I|CGzJJdDC`ABnDVdARHF?LGL@DhAp@PFT?VIJIbAcAvBmBnByB`AaBbCoFALSt@EHU?GDxDuJhAyCf@aBb@gBZgB\oCbAqJBHEIBg@PiBt@aGh@yEjA_J,2,62.1,
2,Morning Walk,755.0,10954,10954,0.0,Walk,Walk,10083421120,2023-10-22T08:00:18Z,2023-10-22T10:00:18Z,(GMT+02:00) Africa/Blantyre,7200.0,,,,0,0,0,1,0,True,False,False,False,everyone,False,,[],[],0.069,1.8,True,70.6,92.0,False,True,0.0,0.0,10802183905,10802183905,65350272d27a9f01b17b0433.fit,False,0,0,False,95198974,1,a10083421120,,2,52.5,
2,Morning Walk,7701.0,1609,4069,25.2,Walk,Walk,10081944964,2023-10-22T06:45:12Z,2023-10-22T08:45:12Z,(GMT+01:00) Europe/Bratislava,7200.0,,,,0,0,0,1,0,False,False,False,False,everyone,False,,"[48.15854720771313, 17.06735361367464]","[48.14393604174256, 17.125843204557896]",4.786,19.2,True,77.1,101.0,False,True,182.4,140.0,10800655375,10800655375,6534d66832a0d81bff3e758e.fit,False,0,0,False,95198974,1,a10081944964,ou|dHi}dgBdAuCt@gBvAsCpAuBVg@z@cBjDcIr@uAJe@LYRYJK^OTCdAEdFD|IAxBB~@BxANjAVt@Xt@\RN`@LT@REJI~AeBpBaBn@w@|@sAz@}AbBkDVe@PS`@sApDaJTw@R}@r@qDZuBp@oF`AsIBcATaChBsOj@sFz@uHLe@lAuBp@eBnDci@HkEBiFJqF?k@I}@Fk@A_@EIIGOCyAAkBUSAg@@g@FwBn@cBZkDXaFp@i@FkB?UCEI@E{@]o@c@_@a@U_@eDeHqQoZ{@iBe@w@kAaBKSPFLPJDx@EBAKGCQ@ODSHMPQh@[`A?NHRDHHT@BDAEBK@QCq@De@Ca@@NACADFL?JBC@BC?CKCAADAC@BBUC@?JEFDA@EHm@T]P_@F]?QCQM[mAoCQo@CSPeA`@yEBgAGYAs@FgAPsACc@Aa@HeAx@{DXsAHQzF}Bb@a@Z_@j@_AbAkAJWBO?}@DYFgBJw@?}@^}BDs@@iACcA[}FIo@HODi@Rw@Ea@L{@RENANDFRd@j@Zh@Lh@d@r@HTl@f@Bl@LE,2,58.1,
2,Morning Walk,452.0,349,667,7.4,Walk,Walk,10081627649,2023-10-22T05:53:07Z,2023-10-22T07:53:07Z,(GMT+01:00) Europe/Bratislava,7200.0,,,,0,0,0,1,0,False,False,False,False,everyone,False,,[],[],1.295,3.0,True,104.0,117.0,False,True,196.0,188.5,10800321295,10800321295,6534bdbb28404e00a153606f.fit,False,0,0,False,95198974,1,a10081627649,,2,56.1,
2,Evening Walk,654.0,380,380,28.2,Walk,Walk,10079864154,2023-10-21T18:41:10Z,2023-10-21T20:41:10Z,(GMT+01:00) Europe/Bratislava,7200.0,,,,0,0,0,1,0,False,False,False,False,everyone,False,,[],[],1.721,9.8,True,125.6,150.0,False,True,201.8,175.8,10798468232,10798468232,65341d5e489ff11d554fa27a.fit,False,0,0,False,95198974,1,a10079864154,,2,57.4,
2,Evening Walk,1057.0,769,4220,5.3,Walk,Walk,10079788336,2023-10-21T17:15:32Z,2023-10-21T19:15:32Z,(GMT+01:00) Europe/Bratislava,7200.0,,,,0,0,0,1,0,False,False,False,False,everyone,False,,"[48.14468479715288, 17.127124797552824]","[48.143040016293526, 17.12087843567133]",1.375,11.2,True,88.3,114.0,False,True,142.6,137.2,10798388033,10798388033,653418c0b55c36736b0e5d47.fit,False,0,0,False,95198974,1,a10079788336,yczdHahogBNFFNBB@EB?HBBRJVr@lA,2,54.8,
2,Afternoon Walk,2399.0,2020,8209,11.3,Walk,Walk,10079435495,2023-10-21T14:55:25Z,2023-10-21T16:55:25Z,(GMT+01:00) Europe/Bratislava,7200.0,,,,0,0,0,1,0,False,False,False,False,everyone,False,,"[48.144287997856736, 17.126419208943844]","[48.143814420327544, 17.125761564821005]",1.188,11.2,True,87.1,120.0,False,True,143.9,138.7,10798018392,10798018392,6534068f0840052780471db4.fit,False,0,0,False,95198974,1,a10079435495,sjzdHuapgBEKAMHO?I[_AMOu@YUYIESD}@f@_@b@Ql@GJIDGADCHA^R|AnHHeBCi@WqAOe@Yk@^FOGUWE_@M_@HQPSHCD@Zj@v@l@N`@\f@Pj@f@^DHBHGVN@DJEH`@KF@JJ,2,52.0,
2,Afternoon Walk,0.0,60,60,0.0,Walk,Walk,10078527037,2023-10-21T14:52:51Z,2023-10-21T16:52:51Z,(GMT+02:00) Africa/Blantyre,7200.0,,,,0,0,0,1,0,True,False,False,False,everyone,False,,[],[],0.0,0.0,True,56.6,59.0,False,True,0.0,0.0,10797076873,10797076873,6533e6306ba51a3122ffa27c.fit,False,0,0,False,95198974,1,a10078527037,,2,,
2,Lunch Walk,1712.0,1811,17486,0.0,Walk,Walk,10078526262,2023-10-21T09:59:41Z,2023-10-21T11:59:41Z,(GMT+01:00) Europe/Bratislava,7200.0,,,,0,0,0,1,0,False,False,False,False,everyone,False,,[],[],0.945,2.4,True,78.5,104.0,False,True,140.2,138.6,10797075219,10797075219,6533e62e1b3cbb075e498203.fit,False,0,0,False,95198974,1,a10078526262,,2,50.3,
2,Morning Walk,625.0,344,376,0.0,Walk,Walk,10078522660,2023-10-21T07:04:06Z,2023-10-21T09:04:06Z,(GMT+01:00) Europe/Bratislava,7200.0,,,,0,0,0,1,0,False,False,False,False,everyone,False,,"[48.14606722444296, 17.124699158594012]","[48.14387518912554, 17.125982427969575]",1.817,6.0,True,96.3,99.0,False,True,143.3,141.8,10797072447,10797072447,6533e61bfce23f1e89c537f3.fit,False,0,0,False,95198974,1,a10078522660,}kzdHiyogBEKBKTSTK,2,60.7,
2,Morning Walk,190.0,119,119,0.0,Walk,Walk,10078522275,2023-10-21T06:56:47Z,2023-10-21T08:56:47Z,(GMT+01:00) Europe/Bratislava,7200.0,,,,0,0,0,1,0,False,False,False,False,everyone,False,,[],[],1.597,4.2,True,99.8,104.0,False,True,155.0,151.5,10797072043,10797072043,6533e61bee049c6d5ee4d380.fit,False,0,0,False,95198974,1,a10078522275,,2,62.9,
2,Morning Walk,371.0,201,217,0.0,Walk,Walk,10078522786,2023-10-21T06:36:30Z,2023-10-21T08:36:30Z,(GMT+01:00) Europe/Bratislava,7200.0,,,,0,0,0,1,0,False,False,False,False,everyone,False,,[],[],1.846,10.6,True,92.7,96.0,False,True,192.9,177.4,10797072549,10797072549,6533e61c489ff11d554e5149.fit,False,0,0,False,95198974,1,a10078522786,,2,59.7,
2,Afternoon Walk,336.8,199,199,6.2,Walk,Walk,10072796140,2023-10-20T15:04:12Z,2023-10-20T17:04:12Z,(GMT+01:00) Europe/Bratislava,7200.0,,,,0,0,0,1,0,False,False,False,False,everyone,False,,[],[],1.693,2.142,True,111.2,128.0,False,True,144.4,138.2,10791122605,10791122605,62DF6D93-10B4-4CBA-9D65-43B90381FDA3.fit,False,0,0,False,95198974,1,a10072796140,,2,,
2,Evening Walk,221.0,197,421,0.0,Walk,Walk,10068013513,2023-10-19T16:34:45Z,2023-10-19T18:34:45Z,(GMT+01:00) Europe/Bratislava,7200.0,,,,0,0,0,1,0,False,False,False,False,everyone,False,,[],[],1.122,2.4,True,87.0,96.0,False,True,206.3,196.5,10786131546,10786131546,65315d4fc501327b6034175e.fit,False,0,0,False,95198974,1,a10068013513,,2,60.5,
2,Afternoon Walk,1295.0,980,1049,34.2,Walk,Walk,10067708511,2023-10-19T15:33:50Z,2023-10-19T17:33:50Z,(GMT+01:00) Europe/Bratislava,7200.0,,,,0,0,0,1,0,False,False,False,False,everyone,False,,"[48.15424318425357, 17.071990398690104]","[48.15838719718158, 17.064401591196656]",1.321,3.4,True,108.3,139.0,False,True,201.2,167.0,10785815947,10785815947,65315180ddda781b49078338.fit,False,0,0,False,95198974,1,a10067708511,}n|dHudegBILKZI`@aA`BW\Op@IRYXE?UMIDGPGZk@hACJOVOb@YZKR]\I@GF,2,57.1,
2,Afternoon Walk,1223.0,880,880,5.9,Walk,Walk,10066614081,2023-10-19T11:42:13Z,2023-10-19T13:42:13Z,(GMT+01:00) Europe/Bratislava,7200.0,,,,0,0,0,1,0,False,False,False,False,everyone,False,,"[48.158598421141505, 17.064236802980304]","[48.15377279184759, 17.07185922190547]",1.39,2.8,True,111.4,145.0,False,True,200.4,167.0,10784676517,10784676517,65311c2afb7237538ff59325.fit,False,0,0,False,95198974,1,a10066614081,i||dH}qdgBRc@HWXe@L_@LQfAuCHG\MPBHAXOVe@X_@Zo@FOTa@X{@\a@b@Y^e@,2,59.4,
2,Lunch Walk,709.0,541,692,26.1,Walk,Walk,10065964462,2023-10-19T09:45:52Z,2023-10-19T11:45:52Z,(GMT+01:00) Europe/Bratislava,7200.0,,,,0,0,0,1,0,False,False,False,False,everyone,False,,[],[],1.311,4.0,True,93.7,110.0,False,True,201.8,175.4,10784001523,10784001523,6530fd9b0cd086055a967a53.fit,False,0,0,False,95198974,1,a10065964462,,2,59.0,
2,Morning Walk,862.0,690,690,9.7,Walk,Walk,10065572265,2023-10-19T07:39:02Z,2023-10-19T09:39:02Z,(GMT+01:00) Europe/Bratislava,7200.0,,,,0,0,0,1,0,False,False,False,False,everyone,False,,"[48.157513635233045, 17.07071836106479]","[48.1538912281394, 17.071835165843368]",1.249,8.6,True,98.9,108.0,False,True,177.3,167.0,10783591187,10783591187,6530e078e7348357d866256d.fit,False,0,0,False,95198974,1,a10065572265,{n|dH}degBHGT[,2,57.6,
2,Afternoon Weight Training,0.0,2906,2906,0.0,WeightTraining,WeightTraining,10062088970,2023-10-18T15:21:36Z,2023-10-18T17:21:36Z,(GMT+02:00) Africa/Blantyre,7200.0,,,,0,0,0,1,0,True,False,False,False,everyone,False,,[],[],0.0,0.0,True,83.0,103.0,False,True,0.0,0.0,10779994295,10779994295,653004665959dc465d79638a.fit,False,0,0,False,95198974,1,a10062088970,,2,,
2,Afternoon Walk,508.0,372,452,27.0,Walk,Walk,10061769492,2023-10-18T15:10:57Z,2023-10-18T17:10:57Z,(GMT+01:00) Europe/Bratislava,7200.0,,,,0,0,0,1,0,False,False,False,False,everyone,False,,[],[],1.366,2.4,True,109.6,142.0,False,True,175.1,147.2,10779663760,10779663760,652ff7c66c0f0c326b21f2be.fit,False,0,0,False,95198974,1,a10061769492,,2,59.2,
2,Afternoon Walk,1117.0,770,790,32.4,Walk,Walk,10061624370,2023-10-18T14:37:42Z,2023-10-18T16:37:42Z,(GMT+01:00) Europe/Bratislava,7200.0,,,,0,0,0,2,0,False,False,False,False,everyone,False,,"[48.15391042269766, 17.072024010121822]","[48.158400021493435, 17.064371164888144]",1.451,2.6,True,90.8,108.0,False,True,200.9,167.0,10779512731,10779512731,652ff124da53b54550c17f3a.fit,False,0,0,False,95198974,1,a10061624370,em|dHmeegBSXe@VQTq@dBW\K\GJ]\QVSNMAIHc@hAU^GZa@r@_@~@e@d@,2,60.9,
2,Morning Walk,1252.0,857,921,10.4,Walk,Walk,10059652009,2023-10-18T07:15:32Z,2023-10-18T09:15:32Z,(GMT+01:00) Europe/Bratislava,7200.0,,,,0,1,0,1,0,False,False,False,False,everyone,False,,"[48.158691208809614, 17.06418877467513]","[48.15384001471102, 17.07152159884572]",1.461,3.0,True,101.4,116.0,False,True,195.8,167.0,10777458067,10777458067,652f8c4f4b15a413e4273c51.fit,False,0,0,False,95198974,1,a10059652009,u{|dHeqdgBBMHSj@c@Ha@Xg@l@yAj@cBHQFIB?NHDATOJCNSZ{@Re@Zg@f@qAh@w@,2,60.0,
2,Evening Run,4541.0,1419,1422,4.5,Run,Run,10050917909,2023-10-16T18:27:04Z,2023-10-16T20:27:04Z,(GMT+01:00) Europe/Bratislava,7200.0,,,,0,0,0,1,0,False,False,False,False,everyone,False,,"[48.15862398594618, 17.064516758546233]","[48.13957443460822, 17.10422401316464]",3.2,8.4,True,168.3,184.0,False,True,198.4,141.9,10768386933,10768386933,652d8e550ea05f4622716990.fit,False,0,0,False,95198974,1,a10050917909,s{|dHesdgBHYb@m@\u@dAmCPm@z@aBv@yBf@w@Zq@nAuBl@y@n@kAf@gAz@}AtAsCZw@v@{Az@sBJONIb@GtBE`@E`@Db@C~@BbBC\@z@EdA@l@G`ADfAAv@Cj@Bn@Jh@Db@LdCnA^NTRT?`@`@NHHCv@gANMv@WZ[LGTIRATBTJ|AFxAb@p@Vd@Lr@BzAT`@@DADM@[Ns@JoA\uCHkAPqADcAZ{DTcBD_AT}ATeChAiJRyBd@uDd@qEx@iHh@_EXmBD}@LiABqBEe@?QBWTkEFi@VsA`@iAZiALi@\gCXkCd@{CHcAFeAJs@FyALuABqBZmE?cABwBL_EAqAFgE,2,85.5,
2,Lunch Walk,1218.0,1001,1292,5.9,Walk,Walk,10047986763,2023-10-16T10:01:55Z,2023-10-16T12:01:55Z,(GMT+01:00) Europe/Bratislava,7200.0,,,,0,0,0,1,0,False,False,False,False,everyone,False,,"[48.15872322767973, 17.066585579887033]","[48.153759967535734, 17.071811193600297]",1.217,2.6,True,96.4,105.0,False,True,183.1,167.0,10765349600,10765349600,652d102bd88b682c35421b00.fit,False,0,0,False,95198974,1,a10047986763,}w|dHqzdgB`@_AHIJB\TRDJEJUX]L[^m@p@qB^g@z@u@,2,57.7,
2,Morning Walk,2537.0,1886,2770,19.9,Walk,Walk,10034804941,2023-10-14T07:11:19Z,2023-10-14T09:11:19Z,(GMT+01:00) Europe/Bratislava,7200.0,,,,0,0,0,1,0,False,False,False,False,everyone,False,,[],[],1.345,5.8,True,97.5,117.0,False,True,201.8,181.6,10751580142,10751580142,652a4a10422bea4cbba8329e.fit,False,0,0,False,95198974,1,a10034804941,,2,55.6,
2,Afternoon Weight Training,0.0,3056,3056,0.0,WeightTraining,WeightTraining,10030782798,2023-10-12T15:51:24Z,2023-10-12T17:51:24Z,(GMT+02:00) Africa/Blantyre,7200.0,,,,0,0,0,1,0,True,False,False,False,everyone,False,,[],[],0.0,0.0,True,129.7,155.0,False,True,0.0,0.0,10747390768,10747390768,67B3AA06-F2DB-46ED-B1CF-35CDFD650FB5.fit,False,0,0,False,95198974,1,a10030782798,,2,,
2,Afternoon Walk,1485.7,406,566,21.8,Walk,Walk,10030782809,2023-10-11T14:48:49Z,2023-10-11T16:48:49Z,(GMT+01:00) Europe/Bratislava,7200.0,,,,0,0,0,1,0,False,False,False,False,everyone,False,,"[48.15020369365811, 17.065126793459058]","[48.14993052743375, 17.059681490063667]",3.659,5.868,True,128.9,156.0,False,True,157.6,145.8,10747390808,10747390808,536FAA8D-BC34-434C-A963-84EAAF08700F.fit,False,0,0,False,95198974,1,a10030782809,wi{dH_`dgBANKZOZ[l@CJNd@Vn@ZlARVN`@b@pCAR_@ZEHAPNrABdAAd@RdBTlFGHYFCEB]CCCBFXIE@S,2,,
2,Morning Walk,1132.1,18,87,0.0,Walk,Walk,10030782895,2023-10-11T06:47:06Z,2023-10-11T08:47:06Z,(GMT+01:00) Europe/Bratislava,7200.0,,,,0,0,0,1,0,False,False,False,False,everyone,False,,"[48.15434762276709, 17.072316789999604]","[48.153732223436236, 17.07227848470211]",62.896,1.515,True,135.5,137.0,False,True,186.4,185.0,10747390853,10747390853,3052B6AC-46A4-469B-8A57-A463BF4B8A51.fit,False,0,0,False,95198974,1,a10030782895,sc|dH}legB~AbAX{@,2,,
2,Afternoon Walk,2459.9,1,1,0.0,Walk,Walk,10030782902,2023-10-07T12:53:36Z,2023-10-07T14:53:36Z,(GMT+01:00) Europe/Prague,7200.0,,,,0,0,0,1,0,False,False,False,False,everyone,False,,"[50.580000914633274, 16.191738434135914]","[50.58000401593745, 16.191761568188667]",2459.94,1.67,False,,,False,False,511.6,510.2,10747390878,10747390878,E0548954-6463-4ED3-9C66-DAF45FDF10A3.fit,False,0,0,False,95198974,1,a10030782902,_|usHimyaB?E,2,,
2,Morning Walk,9502.8,7476,10145,449.6,Walk,Walk,10030783596,2023-10-07T08:33:16Z,2023-10-07T10:33:16Z,(GMT+01:00) Europe/Prague,7200.0,,,,0,0,0,2,0,False,False,False,False,everyone,False,,"[50.58011054992676, 16.191636845469475]","[50.59220069088042, 16.170265842229128]",1.271,2.617,True,109.4,169.0,False,True,746.0,459.6,10747391400,10747391400,CD8A718D-6906-45A9-9DA4-791431F5D8D5.fit,False,0,0,False,95198974,1,a10030783596,u|usHulyaBc@jAmAvASb@UdAg@vAMhAQdAUx@Uh@SbAa@nEKhDBbBSnDOp@kAhBJGLDDxBUZWNgAfAs@~@Wt@CxADjApApCNVDNC\m@~@MDCXF`DZzETdB?t@Qx@c@f@cA~Ae@n@SIULg@`BKr@MdB@j@VhCAt@IZ[ZOZSv@Cf@Ob@c@RWEKOk@wAa@]wAc@gBIoCb@i@\g@LyCrAw@^cAt@mD~AeAKq@MOOo@NuArA{AzCFnDDTC`@a@P_C~BW^q@x@Yr@M`@QjAMrB@`@d@rCRBTVb@Rz@Dp@WNWNIfAGlAUr@@RHHLf@fBGx@IPCZW~@{AfCUvAIz@A`AOfBBh@Lj@Zh@tAj@n@HXPpAfBZn@^vAz@dEd@bBXfBCFDBHb@Bz@CXc@~AQRqAj@gAx@OVYbAYl@k@\Yl@w@v@WlA]j@OHi@hAq@tBGj@?NFEApAEb@DfAK~@MvB@|@Rj@Dt@N^?dAH`AZ|@j@|@ZjAQ@KHMd@INAPGDEj@WTA\KZ@JIhAUnAC\a@z@KBri@tL^ORc@ZSDKrAyAf@_@Jg@?y@BOd@GhAk@\CPFCADGNQYLKIEeAHu@Ms@O_@GkAWeABWPk@Xw@B[\mA@]QsAQ]Qy@Q[Ic@@e@K[Gk@Ay@IiAi@oAGq@GS@YGg@i@sAIm@m@mAUmAQYg@c@Q@cA^OEEGQo@QYGa@]YIWFsAh@c@Cq@I[DYEY\eBVo@TGJMhBEBXJNjANZId@_@@WKu@DOIQDOGY@UIW?YMW@KD@IUE[O_@@[Mg@?g@E]Hc@f@MzBCjBRp@?DCFSAOOUa@WUa@UOMW@m@PI@GGKQGSUIWSSA]Qg@I{@MSAYY[Uu@?c@MM@OY{AQ[OqCM_AA{@@{@Jg@E_@FEUw@A_AN[TAl@x@VD`Ai@^a@D[?[U_Eo@{Aa@Wg@L{@x@WDWIWU{@aB_A}ABe@TQRBRZBNPH^GLa@Ck@M]g@g@k@a@_@k@SiAKaBRe@~@]H[EBZ]Ro@NSJc@?yADSUHOESYi@kAk@c@eAc@aBKaC\qCpAiDpAaAv@kD~AYHYCgBi@OB]^ULcAhAOf@]n@[`@WJOTWE_@Hg@Am@^BEBc@?ZGXSBEEBQGVVD,2,,
2,Evening Weight Training,0.0,3620,3620,0.0,WeightTraining,WeightTraining,10030783431,2023-10-05T16:02:40Z,2023-10-05T18:02:40Z,(GMT+02:00) Africa/Blantyre,7200.0,,,,0,0,0,1,0,True,False,False,False,everyone,False,,[],[],0.0,0.0,True,121.5,167.0,False,True,0.0,0.0,10747391405,10747391405,B08BE3F1-1F2B-449C-A863-94F14EA948A6.fit,False,0,0,False,95198974,1,a10030783431,,2,,
2,Afternoon Walk,1412.7,180,180,17.0,Walk,Walk,10030783427,2023-10-05T15:53:07Z,2023-10-05T17:53:07Z,(GMT+01:00) Europe/Bratislava,7200.0,,,,0,0,0,1,0,False,False,False,False,everyone,False,,"[48.14992692321539, 17.06109518185258]","[48.149531381204724, 17.05751510336995]",7.848,2.495,True,137.0,146.0,False,True,168.8,151.6,10747391399,10747391399,5B4788F4-A93B-4EBC-B33E-78882306F174.fit,False,0,0,False,95198974,1,a10030783427,_h{dHyfcgBLzA@bAH~@HzAHr@Dp@Al@PrALvCCN,2,,
2,Afternoon Walk,727.6,2,2,0.0,Walk,Walk,10030785407,2023-10-05T15:30:49Z,2023-10-05T17:30:49Z,(GMT+01:00) Europe/Bratislava,7200.0,,,,0,0,0,1,0,False,False,False,False,everyone,False,,"[48.153672544285655, 17.071891659870744]","[48.153673969209194, 17.071887049824]",363.8,0.38,True,104.0,104.0,False,True,181.2,181.0,10747393489,10747393489,E04ACE8A-AAB6-4DDC-BB2E-FF47A6047E40.fit,False,0,0,False,95198974,1,a10030785407,m_|dHijegB?@,2,,
2,Evening Walk,795.3,3,3,0.0,Walk,Walk,10030783351,2023-10-04T16:47:16Z,2023-10-04T18:47:16Z,(GMT+01:00) Europe/Bratislava,7200.0,,,,0,0,0,1,0,False,False,False,False,everyone,False,,"[48.16006206907332, 17.066722456365824]","[48.16011982038617, 17.066705273464322]",265.113,3.276,False,,,False,False,210.0,198.2,10747391373,10747391373,52C33F6F-5F9E-475E-978B-C61D87002EE4.fit,False,0,0,False,95198974,1,a10030783351,kg}dH_jdgBKB,2,,
2,Morning Walk,1054.4,3,3,2.0,Walk,Walk,10030783414,2023-10-04T06:39:20Z,2023-10-04T08:39:20Z,(GMT+01:00) Europe/Bratislava,7200.0,,,,0,0,0,1,0,False,False,False,False,everyone,False,,"[48.1539723649621, 17.071768529713154]","[48.153929617255926, 17.071772553026676]",351.45,2.425,True,129.0,129.0,False,True,172.0,170.0,10747391402,10747391402,8F92D95C-5869-45AD-B328-41FABA146F28.fit,False,0,0,False,95198974,1,a10030783414,ia|dHoiegB@A?DDE,2,,
2,Afternoon Walk,1444.5,356,403,17.8,Walk,Walk,10030785412,2023-09-27T14:54:26Z,2023-09-27T16:54:26Z,(GMT+01:00) Europe/Bratislava,7200.0,,,,0,0,0,1,0,False,False,False,False,everyone,False,,"[48.1504393927753, 17.06436605192721]","[48.14989414997399, 17.05977151170373]",4.057,2.46,True,147.5,176.0,False,True,166.8,149.0,10747393495,10747393495,C1FB7230-86B4-4EDC-94C3-959FCEDCD2EA.fit,False,0,0,False,95198974,1,a10030785412,ek{dHg{cgB?Fn@fCDFLHBTXlATdBCFMVQNCLRfB@t@Aj@N|@T~EAd@QFKF@e@ADJC?BD?OQ,2,,
2,Morning Walk,1109.6,2,2,0.0,Walk,Walk,10030785383,2023-09-27T07:05:21Z,2023-09-27T09:05:21Z,(GMT+01:00) Europe/Bratislava,7200.0,,,,0,0,0,1,0,False,False,False,False,everyone,False,,"[48.15434594638646, 17.072260631248355]","[48.1543487124145, 17.072211345657706]",554.795,1.85,True,121.0,121.0,False,True,172.8,172.6,10747393485,10747393485,B0CA3A68-8060-4BD2-BF84-F12B22AA0097.fit,False,0,0,False,95198974,1,a10030785383,sc|dHslegB?H,2,,
2,Evening Walk,751.4,32,301,5.0,Walk,Walk,10030785410,2023-09-26T18:42:24Z,2023-09-26T20:42:24Z,(GMT+01:00) Europe/Bratislava,7200.0,,,,0,0,0,1,0,False,False,False,False,everyone,False,,"[48.15888005308807, 17.064709290862083]","[48.158681904897094, 17.064261361956596]",23.48,1.784,True,138.1,144.0,False,True,200.4,193.2,10747393484,10747393484,7BB72F8C-F399-48A6-9965-437BA6DC3477.fit,False,0,0,False,95198974,1,a10030785410,_`}dHk}cgBDC@BVj@Jh@ABAAA@@AA@?A?@AAB?,2,,
2,Afternoon Walk,555.0,679,679,0.0,Walk,Walk,10030785483,2023-09-26T15:43:53Z,2023-09-26T17:43:53Z,(GMT+02:00) Africa/Blantyre,7200.0,,,,0,0,0,1,0,True,False,False,False,everyone,False,,[],[],0.817,8.12,True,104.8,124.0,False,True,0.0,0.0,10747393567,10747393567,E629C4A4-C0DF-4F8F-9ACF-686FF61632F7.fit,False,0,0,False,95198974,1,a10030785483,,2,,
2,Night Walk,1144.1,3,3,0.0,Walk,Walk,10030785390,2023-09-24T20:16:00Z,2023-09-24T22:16:00Z,(GMT+01:00) Europe/Bratislava,7200.0,,,,0,0,0,1,0,False,False,False,False,everyone,False,,"[48.15807966515422, 17.0649226102978]","[48.15804907120764, 17.06493333913386]",381.357,1.788,True,127.0,127.0,False,True,200.8,200.6,10747393479,10747393479,DEDAAFD0-701E-4829-BB46-5CB2AFC6EE41.fit,False,0,0,False,95198974,1,a10030785390,_{|dHw~cgBD@@C,2,,
2,Afternoon Rock Climb,0.0,1156,1156,0.0,RockClimbing,RockClimbing,10030785328,2023-09-23T12:11:26Z,2023-09-23T14:11:26Z,(GMT+02:00) Africa/Blantyre,7200.0,,,,0,0,0,1,0,True,False,False,False,everyone,False,,[],[],0.0,0.0,True,74.5,101.0,False,True,0.0,0.0,10747393445,10747393445,FF018CD7-D712-4683-8563-C9F1A935CF5D.fit,False,0,0,False,95198974,1,a10030785328,,2,,
2,Afternoon Walk,1159.9,4,4,0.0,Walk,Walk,10030785387,2023-09-21T15:18:59Z,2023-09-21T17:18:59Z,(GMT+01:00) Europe/Bratislava,7200.0,,,,0,0,0,1,0,False,False,False,False,everyone,False,,"[48.15036957152188, 17.064168071374297]","[48.150345515459776, 17.064089449122548]",289.97,1.803,False,,,False,False,150.6,149.6,10747393488,10747393488,EBADD400-1882-48BE-8A59-5F6317EC840B.fit,False,0,0,False,95198974,1,a10030785387,yj{dH_zcgBDN,2,,
2,Afternoon Walk,1309.2,293,348,33.0,Walk,Walk,10030785352,2023-09-21T13:56:01Z,2023-09-21T15:56:01Z,(GMT+01:00) Europe/Bratislava,7200.0,,,,0,0,0,1,0,False,False,False,False,everyone,False,,"[48.1586779654026, 17.06695002503693]","[48.15810187719762, 17.065320080146194]",4.468,2.309,True,141.1,154.0,False,True,210.4,179.4,10747393472,10747393472,28F955F0-1279-4759-B840-0098B1176FC0.fit,False,0,0,False,95198974,1,a10030785352,u~|dHkkdgBCZK`AMj@Ud@WbAWzAE^AXPb@PJR?`@KZFFNNdABHD@h@a@QoAPcAZ],2,,
2,Morning Walk,927.6,2,2,0.0,Walk,Walk,10030785293,2023-09-21T07:22:09Z,2023-09-21T09:22:09Z,(GMT+01:00) Europe/Bratislava,7200.0,,,,0,0,0,1,0,False,False,False,False,everyone,False,,"[48.154740650206804, 17.072372445836663]","[48.154695220291615, 17.07235568203032]",463.81,2.606,False,,,False,False,173.6,173.2,10747393448,10747393448,575901D6-DB4B-4CFE-BCA0-44D0F392BA16.fit,False,0,0,False,95198974,1,a10030785293,cf|dHimegBHB,2,,
2,Afternoon Walk,816.0,1,1,0.0,Walk,Walk,10030785355,2023-09-20T15:38:55Z,2023-09-20T17:38:55Z,(GMT+01:00) Europe/Bratislava,7200.0,,,,0,0,0,1,0,False,False,False,False,everyone,False,,"[48.148146690800786, 17.071626288816333]","[48.148146690800786, 17.071626288816333]",815.97,0.0,False,,,False,False,158.0,158.0,10747393449,10747393449,21247A78-1DDB-4F8B-9980-3896B6826462.fit,False,0,0,False,95198974,1,a10030785355,{|zdHshegB??,2,,
2,Morning Walk,998.8,1,1,0.0,Walk,Walk,10030785405,2023-09-20T07:37:37Z,2023-09-20T09:37:37Z,(GMT+01:00) Europe/Bratislava,7200.0,,,,0,0,0,1,0,False,False,False,False,everyone,False,,"[48.153293430805206, 17.07175947725773]","[48.153293430805206, 17.07175947725773]",998.75,0.0,False,,,False,False,191.4,191.4,10747393468,10747393468,6DDE9926-BB05-49F7-83DE-5041B46FF72B.fit,False,0,0,False,95198974,1,a10030785405,a}{dHmiegB??,2,,
2,Morning Weight Training,0.0,3266,3266,0.0,WeightTraining,WeightTraining,10030785287,2023-09-16T08:53:16Z,2023-09-16T10:53:16Z,(GMT+02:00) Africa/Blantyre,7200.0,,,,0,0,0,1,0,True,False,False,False,everyone,False,,[],[],0.0,0.0,True,118.2,156.0,False,True,0.0,0.0,10747393446,10747393446,77CC81E6-74CF-40AE-9A98-BB20B2125EC2.fit,False,0,0,False,95198974,1,a10030785287,,2,,
2,Morning Hike,19905.2,20758,32192,1817.8,Hike,Hike,10030786057,2023-09-15T06:31:47Z,2023-09-15T08:31:47Z,(GMT+01:00) Europe/Bratislava,7200.0,,,,0,0,0,1,0,False,False,False,False,everyone,False,,"[49.14222163148224, 20.22250941954553]","[49.17443420737982, 20.217864587903023]",0.959,5.76,True,154.4,190.0,False,True,2611.4,1030.0,10747393502,10747393502,71F06015-881D-46FE-92C1-311399D0A534.fit,False,0,0,False,95198974,1,a10030786057,{a}jHsulzBfAhB_AtDw@jA{EzDa@Sm@{B_@a@e@H}@~AkAYkL{LmEoBmGRmEyA_BPkAtA_Ct@{B[kGoDyDYyCyAqMcDqDHb@eDaDvF}ArAc@AuDtCqDa@Fc@cBZIWZm@{@Fk@aBoA_@{Ax@cA~CwB|Bs@|DoDvB_@j@NXw@Tc@hAiC@eAcAc@HIfA`@lEp@hAJ|B}@x@cCxEgBVeAjA_AfCu@jEiByJA{Dm@cDZoB{AkEz@uBb@{CfAiPsE`NqBxBeEGY|Bb@tAy@~Ae@`@wBEiB|@Up@R|@qApBAzAyCi@yBXu@n@yBAa@t@y@Pw@GQ`BkCvAc@xB{ClJkBtDoCpCs@nC}@~@yBZu@j@}AvCWDiBnCoCtBcApBuEz@_Ba@Kz@i@PaArBy@HuBjB?nAH~COGSvAgAdCq@n@Cd@z@zB`ElBTp@uCtBfBv@w@l@`@PqAhBoAdAa@hDP`C{AV_@n@y@EBg@k@RScAh@oAk@w@u@r@_@@Cm@UXUmBKLg@u@Cj@q@b@Vz@KdBWb@Rf@q@pCeApA}ALBbKUdB~A\HxBU\^XIv@V\Az@b@k@jAFJ\m@h@|@f@JjAe@VWvCsAbBe@nB?zBl@pBMxFcCrA_AdDm@l@AzCBlAQh@gAj@LdA[TQpCYPGp@N\YZJZaBrB@Xa@QR|AO\WQcB_@[u@m@FKk@y@Vu@qAg@b@w@QWe@K|@YaAqBq@m@d@Fb@HOWB~A}APq@fAs@d@|@VCXp@ITn@Xd@hBp@r@fAHhCj@?Dj@NLo@Q}@XFvAyCDkALo@^e@HqBX]Ay@hAeARsBKuCtAqBJwApC_B@gFc@kB@oCXeB`B}BDeCn@UMmA{@m@d@SKg@gAO[j@LkA[aAWOTmBSq@_BO`@sBYmI\u@`@MRy@OwCb@oAx@QtAdBHgD[eCXg@j@Vt@nANhAVYHX~@i@Tv@MnBp@H@h@VY^n@\mAlAYQ{B`@yCdAcAZ_AdAu@g@S|@s@iBu@tCiBOu@kFoCQuAD}@j@i@~A}ELDBiB]w@TDGgALYlB_Bz@Ev@qBr@K@{@jB\lEw@~@yBtCwB~EmHjD_AfAiAl@mCnCoCjBwD^yBp@gAhB{GpC{AN_BlBMd@u@xBH~Bs@\_@dDt@DaA,2,,
2,Morning Walk,860.6,604,604,0.0,Walk,Walk,10030783565,2023-09-14T06:37:40Z,2023-09-14T08:37:40Z,(GMT+02:00) Africa/Blantyre,7200.0,,,,0,0,0,1,0,True,False,False,False,everyone,False,,[],[],1.425,9.736,True,155.4,168.0,False,True,0.0,0.0,10747391586,10747391586,E507AB4F-FA1D-4D87-8358-FB875213C8FF.fit,False,0,0,False,95198974,1,a10030783565,,2,,
2,Afternoon Rock Climb,0.0,3276,3276,0.0,RockClimbing,RockClimbing,10030783399,2023-09-13T15:13:52Z,2023-09-13T17:13:52Z,(GMT+02:00) Africa/Blantyre,7200.0,,,,0,0,0,1,0,True,False,False,False,everyone,False,,[],[],0.0,0.0,True,112.7,157.0,False,True,0.0,0.0,10747391398,10747391398,C231AF62-CA27-438D-BD86-4975CD4ADD3D.fit,False,0,0,False,95198974,1,a10030783399,,2,,
